Copyright 1986-2022 Xilinx, Inc. All Rights Reserved. Copyright 2022-2023 Advanced Micro Devices, Inc. All Rights Reserved.
---------------------------------------------------------------------------------------------------------------------------------------------------------------------------------------------------------------------------
| Tool Version : Vivado v.2023.1 (win64) Build 3865809 Sun May  7 15:05:29 MDT 2023
| Date         : Wed Apr 15 15:50:01 2026
| Host         : DESKTOP-MG52D2N running 64-bit major release  (build 9200)
| Command      : report_timing_summary -max_paths 10 -report_unconstrained -file top_module_timing_summary_routed.rpt -pb top_module_timing_summary_routed.pb -rpx top_module_timing_summary_routed.rpx -warn_on_violation
| Design       : top_module
| Device       : 7a35ti-cpg236
| Speed File   : -1L  PRODUCTION 1.23 2018-06-13
| Design State : Routed
---------------------------------------------------------------------------------------------------------------------------------------------------------------------------------------------------------------------------

Timing Summary Report

------------------------------------------------------------------------------------------------
| Timer Settings
| --------------
------------------------------------------------------------------------------------------------

  Enable Multi Corner Analysis               :  Yes
  Enable Pessimism Removal                   :  Yes
  Pessimism Removal Resolution               :  Nearest Common Node
  Enable Input Delay Default Clock           :  No
  Enable Preset / Clear Arcs                 :  No
  Disable Flight Delays                      :  No
  Ignore I/O Paths                           :  No
  Timing Early Launch at Borrowing Latches   :  No
  Borrow Time for Max Delay Exceptions       :  Yes
  Merge Timing Exceptions                    :  Yes

  Corner  Analyze    Analyze    
  Name    Max Paths  Min Paths  
  ------  ---------  ---------  
  Slow    Yes        Yes        
  Fast    Yes        Yes        


------------------------------------------------------------------------------------------------
| Report Methodology
| ------------------
------------------------------------------------------------------------------------------------

Rule       Severity  Description                    Violations  
---------  --------  -----------------------------  ----------  
TIMING-18  Warning   Missing input or output delay  17          

Note: This report is based on the most recent report_methodology run and may not be up-to-date. Run report_methodology on the current design for the latest report.



check_timing report

Table of Contents
-----------------
1. checking no_clock (0)
2. checking constant_clock (0)
3. checking pulse_width_clock (0)
4. checking unconstrained_internal_endpoints (0)
5. checking no_input_delay (2)
6. checking no_output_delay (15)
7. checking multiple_clock (0)
8. checking generated_clocks (0)
9. checking loops (0)
10. checking partial_input_delay (0)
11. checking partial_output_delay (0)
12. checking latch_loops (0)

1. checking no_clock (0)
------------------------
 There are 0 register/latch pins with no clock.


2. checking constant_clock (0)
------------------------------
 There are 0 register/latch pins with constant_clock.


3. checking pulse_width_clock (0)
---------------------------------
 There are 0 register/latch pins which need pulse_width check


4. checking unconstrained_internal_endpoints (0)
------------------------------------------------
 There are 0 pins that are not constrained for maximum delay.

 There are 0 pins that are not constrained for maximum delay due to constant clock.


5. checking no_input_delay (2)
------------------------------
 There are 2 input ports with no input delay specified. (HIGH)

 There are 0 input ports with no input delay but user has a false path constraint.


6. checking no_output_delay (15)
--------------------------------
 There are 15 ports with no output delay specified. (HIGH)

 There are 0 ports with no output delay but user has a false path constraint

 There are 0 ports with no output delay but with a timing clock defined on it or propagating through it


7. checking multiple_clock (0)
------------------------------
 There are 0 register/latch pins with multiple clocks.


8. checking generated_clocks (0)
--------------------------------
 There are 0 generated clocks that are not connected to a clock source.


9. checking loops (0)
---------------------
 There are 0 combinational loops in the design.


10. checking partial_input_delay (0)
------------------------------------
 There are 0 input ports with partial input delay specified.


11. checking partial_output_delay (0)
-------------------------------------
 There are 0 ports with partial output delay specified.


12. checking latch_loops (0)
----------------------------
 There are 0 combinational latch loops in the design through latch input



------------------------------------------------------------------------------------------------
| Design Timing Summary
| ---------------------
------------------------------------------------------------------------------------------------

    WNS(ns)      TNS(ns)  TNS Failing Endpoints  TNS Total Endpoints      WHS(ns)      THS(ns)  THS Failing Endpoints  THS Total Endpoints     WPWS(ns)     TPWS(ns)  TPWS Failing Endpoints  TPWS Total Endpoints  
    -------      -------  ---------------------  -------------------      -------      -------  ---------------------  -------------------     --------     --------  ----------------------  --------------------  
      3.287        0.000                      0                  462        0.103        0.000                      0                  462        4.500        0.000                       0                   238  


All user specified timing constraints are met.


------------------------------------------------------------------------------------------------
| Clock Summary
| -------------
------------------------------------------------------------------------------------------------

Clock        Waveform(ns)       Period(ns)      Frequency(MHz)
-----        ------------       ----------      --------------
sys_clk_pin  {0.000 5.000}      10.000          100.000         


------------------------------------------------------------------------------------------------
| Intra Clock Table
| -----------------
------------------------------------------------------------------------------------------------

Clock             WNS(ns)      TNS(ns)  TNS Failing Endpoints  TNS Total Endpoints      WHS(ns)      THS(ns)  THS Failing Endpoints  THS Total Endpoints     WPWS(ns)     TPWS(ns)  TPWS Failing Endpoints  TPWS Total Endpoints  
-----             -------      -------  ---------------------  -------------------      -------      -------  ---------------------  -------------------     --------     --------  ----------------------  --------------------  
sys_clk_pin         3.287        0.000                      0                  462        0.103        0.000                      0                  462        4.500        0.000                       0                   238  


------------------------------------------------------------------------------------------------
| Inter Clock Table
| -----------------
------------------------------------------------------------------------------------------------

From Clock    To Clock          WNS(ns)      TNS(ns)  TNS Failing Endpoints  TNS Total Endpoints      WHS(ns)      THS(ns)  THS Failing Endpoints  THS Total Endpoints  
----------    --------          -------      -------  ---------------------  -------------------      -------      -------  ---------------------  -------------------  


------------------------------------------------------------------------------------------------
| Other Path Groups Table
| -----------------------
------------------------------------------------------------------------------------------------

Path Group    From Clock    To Clock          WNS(ns)      TNS(ns)  TNS Failing Endpoints  TNS Total Endpoints      WHS(ns)      THS(ns)  THS Failing Endpoints  THS Total Endpoints  
----------    ----------    --------          -------      -------  ---------------------  -------------------      -------      -------  ---------------------  -------------------  


------------------------------------------------------------------------------------------------
| User Ignored Path Table
| -----------------------
------------------------------------------------------------------------------------------------

Path Group    From Clock    To Clock    
----------    ----------    --------    


------------------------------------------------------------------------------------------------
| Unconstrained Path Table
| ------------------------
------------------------------------------------------------------------------------------------

Path Group    From Clock    To Clock    
----------    ----------    --------    
(none)        sys_clk_pin                 
(none)                      sys_clk_pin   


------------------------------------------------------------------------------------------------
| Timing Details
| --------------
------------------------------------------------------------------------------------------------


---------------------------------------------------------------------------------------------------
From Clock:  sys_clk_pin
  To Clock:  sys_clk_pin

Setup :            0  Failing Endpoints,  Worst Slack        3.287ns,  Total Violation        0.000ns
Hold  :            0  Failing Endpoints,  Worst Slack        0.103ns,  Total Violation        0.000ns
PW    :            0  Failing Endpoints,  Worst Slack        4.500ns,  Total Violation        0.000ns
---------------------------------------------------------------------------------------------------


Max Delay Paths
--------------------------------------------------------------------------------------
Slack (MET) :             3.287ns  (required time - arrival time)
  Source:                 u_unit_timer/cycle_cnt_reg[3]/C
                            (rising edge-triggered cell FDRE clocked by sys_clk_pin  {rise@0.000ns fall@5.000ns period=10.000ns})
  Destination:            u_unit_timer/cycle_cnt_reg[10]/R
                            (rising edge-triggered cell FDRE clocked by sys_clk_pin  {rise@0.000ns fall@5.000ns period=10.000ns})
  Path Group:             sys_clk_pin
  Path Type:              Setup (Max at Slow Process Corner)
  Requirement:            10.000ns  (sys_clk_pin rise@10.000ns - sys_clk_pin rise@0.000ns)
  Data Path Delay:        6.000ns  (logic 1.350ns (22.501%)  route 4.650ns (77.499%))
  Logic Levels:           7  (LUT2=1 LUT4=1 LUT5=1 LUT6=4)
  Clock Path Skew:        -0.025ns (DCD - SCD + CPR)
    Destination Clock Delay (DCD):    4.787ns = ( 14.787 - 10.000 ) 
    Source Clock Delay      (SCD):    5.087ns
    Clock Pessimism Removal (CPR):    0.275ns
  Clock Uncertainty:      0.035ns  ((TSJ^2 + TIJ^2)^1/2 + DJ) / 2 + PE
    Total System Jitter     (TSJ):    0.071ns
    Total Input Jitter      (TIJ):    0.000ns
    Discrete Jitter          (DJ):    0.000ns
    Phase Error              (PE):    0.000ns

    Location             Delay type                Incr(ns)  Path(ns)    Netlist Resource(s)
  -------------------------------------------------------------------    -------------------
                         (clock sys_clk_pin rise edge)
                                                      0.000     0.000 r  
    W5                                                0.000     0.000 r  clk (IN)
                         net (fo=0)                   0.000     0.000    clk
    W5                   IBUF (Prop_ibuf_I_O)         1.458     1.458 r  clk_IBUF_inst/O
                         net (fo=1, routed)           1.967     3.425    clk_IBUF
    BUFGCTRL_X0Y0        BUFG (Prop_bufg_I_O)         0.096     3.521 r  clk_IBUF_BUFG_inst/O
                         net (fo=237, routed)         1.566     5.087    u_unit_timer/CLK
    SLICE_X39Y47         FDRE                                         r  u_unit_timer/cycle_cnt_reg[3]/C
  -------------------------------------------------------------------    -------------------
    SLICE_X39Y47         FDRE (Prop_fdre_C_Q)         0.456     5.543 r  u_unit_timer/cycle_cnt_reg[3]/Q
                         net (fo=2, routed)           0.832     6.375    u_unit_timer/cycle_cnt_reg[3]
    SLICE_X38Y48         LUT6 (Prop_lut6_I1_O)        0.124     6.499 r  u_unit_timer/unit_sel[1]_i_9/O
                         net (fo=1, routed)           0.417     6.917    u_unit_timer/unit_sel[1]_i_9_n_0
    SLICE_X38Y49         LUT6 (Prop_lut6_I5_O)        0.124     7.041 r  u_unit_timer/unit_sel[1]_i_8/O
                         net (fo=1, routed)           0.498     7.539    u_unit_timer/unit_sel[1]_i_8_n_0
    SLICE_X38Y50         LUT6 (Prop_lut6_I4_O)        0.124     7.663 r  u_unit_timer/unit_sel[1]_i_6/O
                         net (fo=1, routed)           0.417     8.081    u_unit_timer/unit_sel[1]_i_6_n_0
    SLICE_X38Y51         LUT6 (Prop_lut6_I2_O)        0.124     8.205 r  u_unit_timer/unit_sel[1]_i_5/O
                         net (fo=1, routed)           0.417     8.622    u_unit_timer/unit_sel[1]_i_5_n_0
    SLICE_X38Y52         LUT5 (Prop_lut5_I0_O)        0.124     8.746 r  u_unit_timer/unit_sel[1]_i_4/O
                         net (fo=2, routed)           0.438     9.184    u_unit_timer/unit_sel[1]_i_4_n_0
    SLICE_X38Y53         LUT4 (Prop_lut4_I3_O)        0.124     9.308 r  u_unit_timer/unit_sel[1]_i_2/O
                         net (fo=3, routed)           0.677     9.985    u_unit_timer/unit_sel[1]_i_2_n_0
    SLICE_X38Y53         LUT2 (Prop_lut2_I0_O)        0.150    10.135 r  u_unit_timer/cycle_cnt[0]_i_1/O
                         net (fo=29, routed)          0.952    11.087    u_unit_timer/cycle_cnt[0]_i_1_n_0
    SLICE_X39Y49         FDRE                                         r  u_unit_timer/cycle_cnt_reg[10]/R
  -------------------------------------------------------------------    -------------------

                         (clock sys_clk_pin rise edge)
                                                     10.000    10.000 r  
    W5                                                0.000    10.000 r  clk (IN)
                         net (fo=0)                   0.000    10.000    clk
    W5                   IBUF (Prop_ibuf_I_O)         1.388    11.388 r  clk_IBUF_inst/O
                         net (fo=1, routed)           1.862    13.250    clk_IBUF
    BUFGCTRL_X0Y0        BUFG (Prop_bufg_I_O)         0.091    13.341 r  clk_IBUF_BUFG_inst/O
                         net (fo=237, routed)         1.446    14.787    u_unit_timer/CLK
    SLICE_X39Y49         FDRE                                         r  u_unit_timer/cycle_cnt_reg[10]/C
                         clock pessimism              0.275    15.062    
                         clock uncertainty           -0.035    15.027    
    SLICE_X39Y49         FDRE (Setup_fdre_C_R)       -0.653    14.374    u_unit_timer/cycle_cnt_reg[10]
  -------------------------------------------------------------------
                         required time                         14.374    
                         arrival time                         -11.087    
  -------------------------------------------------------------------
                         slack                                  3.287    

Slack (MET) :             3.287ns  (required time - arrival time)
  Source:                 u_unit_timer/cycle_cnt_reg[3]/C
                            (rising edge-triggered cell FDRE clocked by sys_clk_pin  {rise@0.000ns fall@5.000ns period=10.000ns})
  Destination:            u_unit_timer/cycle_cnt_reg[11]/R
                            (rising edge-triggered cell FDRE clocked by sys_clk_pin  {rise@0.000ns fall@5.000ns period=10.000ns})
  Path Group:             sys_clk_pin
  Path Type:              Setup (Max at Slow Process Corner)
  Requirement:            10.000ns  (sys_clk_pin rise@10.000ns - sys_clk_pin rise@0.000ns)
  Data Path Delay:        6.000ns  (logic 1.350ns (22.501%)  route 4.650ns (77.499%))
  Logic Levels:           7  (LUT2=1 LUT4=1 LUT5=1 LUT6=4)
  Clock Path Skew:        -0.025ns (DCD - SCD + CPR)
    Destination Clock Delay (DCD):    4.787ns = ( 14.787 - 10.000 ) 
    Source Clock Delay      (SCD):    5.087ns
    Clock Pessimism Removal (CPR):    0.275ns
  Clock Uncertainty:      0.035ns  ((TSJ^2 + TIJ^2)^1/2 + DJ) / 2 + PE
    Total System Jitter     (TSJ):    0.071ns
    Total Input Jitter      (TIJ):    0.000ns
    Discrete Jitter          (DJ):    0.000ns
    Phase Error              (PE):    0.000ns

    Location             Delay type                Incr(ns)  Path(ns)    Netlist Resource(s)
  -------------------------------------------------------------------    -------------------
                         (clock sys_clk_pin rise edge)
                                                      0.000     0.000 r  
    W5                                                0.000     0.000 r  clk (IN)
                         net (fo=0)                   0.000     0.000    clk
    W5                   IBUF (Prop_ibuf_I_O)         1.458     1.458 r  clk_IBUF_inst/O
                         net (fo=1, routed)           1.967     3.425    clk_IBUF
    BUFGCTRL_X0Y0        BUFG (Prop_bufg_I_O)         0.096     3.521 r  clk_IBUF_BUFG_inst/O
                         net (fo=237, routed)         1.566     5.087    u_unit_timer/CLK
    SLICE_X39Y47         FDRE                                         r  u_unit_timer/cycle_cnt_reg[3]/C
  -------------------------------------------------------------------    -------------------
    SLICE_X39Y47         FDRE (Prop_fdre_C_Q)         0.456     5.543 r  u_unit_timer/cycle_cnt_reg[3]/Q
                         net (fo=2, routed)           0.832     6.375    u_unit_timer/cycle_cnt_reg[3]
    SLICE_X38Y48         LUT6 (Prop_lut6_I1_O)        0.124     6.499 r  u_unit_timer/unit_sel[1]_i_9/O
                         net (fo=1, routed)           0.417     6.917    u_unit_timer/unit_sel[1]_i_9_n_0
    SLICE_X38Y49         LUT6 (Prop_lut6_I5_O)        0.124     7.041 r  u_unit_timer/unit_sel[1]_i_8/O
                         net (fo=1, routed)           0.498     7.539    u_unit_timer/unit_sel[1]_i_8_n_0
    SLICE_X38Y50         LUT6 (Prop_lut6_I4_O)        0.124     7.663 r  u_unit_timer/unit_sel[1]_i_6/O
                         net (fo=1, routed)           0.417     8.081    u_unit_timer/unit_sel[1]_i_6_n_0
    SLICE_X38Y51         LUT6 (Prop_lut6_I2_O)        0.124     8.205 r  u_unit_timer/unit_sel[1]_i_5/O
                         net (fo=1, routed)           0.417     8.622    u_unit_timer/unit_sel[1]_i_5_n_0
    SLICE_X38Y52         LUT5 (Prop_lut5_I0_O)        0.124     8.746 r  u_unit_timer/unit_sel[1]_i_4/O
                         net (fo=2, routed)           0.438     9.184    u_unit_timer/unit_sel[1]_i_4_n_0
    SLICE_X38Y53         LUT4 (Prop_lut4_I3_O)        0.124     9.308 r  u_unit_timer/unit_sel[1]_i_2/O
                         net (fo=3, routed)           0.677     9.985    u_unit_timer/unit_sel[1]_i_2_n_0
    SLICE_X38Y53         LUT2 (Prop_lut2_I0_O)        0.150    10.135 r  u_unit_timer/cycle_cnt[0]_i_1/O
                         net (fo=29, routed)          0.952    11.087    u_unit_timer/cycle_cnt[0]_i_1_n_0
    SLICE_X39Y49         FDRE                                         r  u_unit_timer/cycle_cnt_reg[11]/R
  -------------------------------------------------------------------    -------------------

                         (clock sys_clk_pin rise edge)
                                                     10.000    10.000 r  
    W5                                                0.000    10.000 r  clk (IN)
                         net (fo=0)                   0.000    10.000    clk
    W5                   IBUF (Prop_ibuf_I_O)         1.388    11.388 r  clk_IBUF_inst/O
                         net (fo=1, routed)           1.862    13.250    clk_IBUF
    BUFGCTRL_X0Y0        BUFG (Prop_bufg_I_O)         0.091    13.341 r  clk_IBUF_BUFG_inst/O
                         net (fo=237, routed)         1.446    14.787    u_unit_timer/CLK
    SLICE_X39Y49         FDRE                                         r  u_unit_timer/cycle_cnt_reg[11]/C
                         clock pessimism              0.275    15.062    
                         clock uncertainty           -0.035    15.027    
    SLICE_X39Y49         FDRE (Setup_fdre_C_R)       -0.653    14.374    u_unit_timer/cycle_cnt_reg[11]
  -------------------------------------------------------------------
                         required time                         14.374    
                         arrival time                         -11.087    
  -------------------------------------------------------------------
                         slack                                  3.287    

Slack (MET) :             3.287ns  (required time - arrival time)
  Source:                 u_unit_timer/cycle_cnt_reg[3]/C
                            (rising edge-triggered cell FDRE clocked by sys_clk_pin  {rise@0.000ns fall@5.000ns period=10.000ns})
  Destination:            u_unit_timer/cycle_cnt_reg[8]/R
                            (rising edge-triggered cell FDRE clocked by sys_clk_pin  {rise@0.000ns fall@5.000ns period=10.000ns})
  Path Group:             sys_clk_pin
  Path Type:              Setup (Max at Slow Process Corner)
  Requirement:            10.000ns  (sys_clk_pin rise@10.000ns - sys_clk_pin rise@0.000ns)
  Data Path Delay:        6.000ns  (logic 1.350ns (22.501%)  route 4.650ns (77.499%))
  Logic Levels:           7  (LUT2=1 LUT4=1 LUT5=1 LUT6=4)
  Clock Path Skew:        -0.025ns (DCD - SCD + CPR)
    Destination Clock Delay (DCD):    4.787ns = ( 14.787 - 10.000 ) 
    Source Clock Delay      (SCD):    5.087ns
    Clock Pessimism Removal (CPR):    0.275ns
  Clock Uncertainty:      0.035ns  ((TSJ^2 + TIJ^2)^1/2 + DJ) / 2 + PE
    Total System Jitter     (TSJ):    0.071ns
    Total Input Jitter      (TIJ):    0.000ns
    Discrete Jitter          (DJ):    0.000ns
    Phase Error              (PE):    0.000ns

    Location             Delay type                Incr(ns)  Path(ns)    Netlist Resource(s)
  -------------------------------------------------------------------    -------------------
                         (clock sys_clk_pin rise edge)
                                                      0.000     0.000 r  
    W5                                                0.000     0.000 r  clk (IN)
                         net (fo=0)                   0.000     0.000    clk
    W5                   IBUF (Prop_ibuf_I_O)         1.458     1.458 r  clk_IBUF_inst/O
                         net (fo=1, routed)           1.967     3.425    clk_IBUF
    BUFGCTRL_X0Y0        BUFG (Prop_bufg_I_O)         0.096     3.521 r  clk_IBUF_BUFG_inst/O
                         net (fo=237, routed)         1.566     5.087    u_unit_timer/CLK
    SLICE_X39Y47         FDRE                                         r  u_unit_timer/cycle_cnt_reg[3]/C
  -------------------------------------------------------------------    -------------------
    SLICE_X39Y47         FDRE (Prop_fdre_C_Q)         0.456     5.543 r  u_unit_timer/cycle_cnt_reg[3]/Q
                         net (fo=2, routed)           0.832     6.375    u_unit_timer/cycle_cnt_reg[3]
    SLICE_X38Y48         LUT6 (Prop_lut6_I1_O)        0.124     6.499 r  u_unit_timer/unit_sel[1]_i_9/O
                         net (fo=1, routed)           0.417     6.917    u_unit_timer/unit_sel[1]_i_9_n_0
    SLICE_X38Y49         LUT6 (Prop_lut6_I5_O)        0.124     7.041 r  u_unit_timer/unit_sel[1]_i_8/O
                         net (fo=1, routed)           0.498     7.539    u_unit_timer/unit_sel[1]_i_8_n_0
    SLICE_X38Y50         LUT6 (Prop_lut6_I4_O)        0.124     7.663 r  u_unit_timer/unit_sel[1]_i_6/O
                         net (fo=1, routed)           0.417     8.081    u_unit_timer/unit_sel[1]_i_6_n_0
    SLICE_X38Y51         LUT6 (Prop_lut6_I2_O)        0.124     8.205 r  u_unit_timer/unit_sel[1]_i_5/O
                         net (fo=1, routed)           0.417     8.622    u_unit_timer/unit_sel[1]_i_5_n_0
    SLICE_X38Y52         LUT5 (Prop_lut5_I0_O)        0.124     8.746 r  u_unit_timer/unit_sel[1]_i_4/O
                         net (fo=2, routed)           0.438     9.184    u_unit_timer/unit_sel[1]_i_4_n_0
    SLICE_X38Y53         LUT4 (Prop_lut4_I3_O)        0.124     9.308 r  u_unit_timer/unit_sel[1]_i_2/O
                         net (fo=3, routed)           0.677     9.985    u_unit_timer/unit_sel[1]_i_2_n_0
    SLICE_X38Y53         LUT2 (Prop_lut2_I0_O)        0.150    10.135 r  u_unit_timer/cycle_cnt[0]_i_1/O
                         net (fo=29, routed)          0.952    11.087    u_unit_timer/cycle_cnt[0]_i_1_n_0
    SLICE_X39Y49         FDRE                                         r  u_unit_timer/cycle_cnt_reg[8]/R
  -------------------------------------------------------------------    -------------------

                         (clock sys_clk_pin rise edge)
                                                     10.000    10.000 r  
    W5                                                0.000    10.000 r  clk (IN)
                         net (fo=0)                   0.000    10.000    clk
    W5                   IBUF (Prop_ibuf_I_O)         1.388    11.388 r  clk_IBUF_inst/O
                         net (fo=1, routed)           1.862    13.250    clk_IBUF
    BUFGCTRL_X0Y0        BUFG (Prop_bufg_I_O)         0.091    13.341 r  clk_IBUF_BUFG_inst/O
                         net (fo=237, routed)         1.446    14.787    u_unit_timer/CLK
    SLICE_X39Y49         FDRE                                         r  u_unit_timer/cycle_cnt_reg[8]/C
                         clock pessimism              0.275    15.062    
                         clock uncertainty           -0.035    15.027    
    SLICE_X39Y49         FDRE (Setup_fdre_C_R)       -0.653    14.374    u_unit_timer/cycle_cnt_reg[8]
  -------------------------------------------------------------------
                         required time                         14.374    
                         arrival time                         -11.087    
  -------------------------------------------------------------------
                         slack                                  3.287    

Slack (MET) :             3.287ns  (required time - arrival time)
  Source:                 u_unit_timer/cycle_cnt_reg[3]/C
                            (rising edge-triggered cell FDRE clocked by sys_clk_pin  {rise@0.000ns fall@5.000ns period=10.000ns})
  Destination:            u_unit_timer/cycle_cnt_reg[9]/R
                            (rising edge-triggered cell FDRE clocked by sys_clk_pin  {rise@0.000ns fall@5.000ns period=10.000ns})
  Path Group:             sys_clk_pin
  Path Type:              Setup (Max at Slow Process Corner)
  Requirement:            10.000ns  (sys_clk_pin rise@10.000ns - sys_clk_pin rise@0.000ns)
  Data Path Delay:        6.000ns  (logic 1.350ns (22.501%)  route 4.650ns (77.499%))
  Logic Levels:           7  (LUT2=1 LUT4=1 LUT5=1 LUT6=4)
  Clock Path Skew:        -0.025ns (DCD - SCD + CPR)
    Destination Clock Delay (DCD):    4.787ns = ( 14.787 - 10.000 ) 
    Source Clock Delay      (SCD):    5.087ns
    Clock Pessimism Removal (CPR):    0.275ns
  Clock Uncertainty:      0.035ns  ((TSJ^2 + TIJ^2)^1/2 + DJ) / 2 + PE
    Total System Jitter     (TSJ):    0.071ns
    Total Input Jitter      (TIJ):    0.000ns
    Discrete Jitter          (DJ):    0.000ns
    Phase Error              (PE):    0.000ns

    Location             Delay type                Incr(ns)  Path(ns)    Netlist Resource(s)
  -------------------------------------------------------------------    -------------------
                         (clock sys_clk_pin rise edge)
                                                      0.000     0.000 r  
    W5                                                0.000     0.000 r  clk (IN)
                         net (fo=0)                   0.000     0.000    clk
    W5                   IBUF (Prop_ibuf_I_O)         1.458     1.458 r  clk_IBUF_inst/O
                         net (fo=1, routed)           1.967     3.425    clk_IBUF
    BUFGCTRL_X0Y0        BUFG (Prop_bufg_I_O)         0.096     3.521 r  clk_IBUF_BUFG_inst/O
                         net (fo=237, routed)         1.566     5.087    u_unit_timer/CLK
    SLICE_X39Y47         FDRE                                         r  u_unit_timer/cycle_cnt_reg[3]/C
  -------------------------------------------------------------------    -------------------
    SLICE_X39Y47         FDRE (Prop_fdre_C_Q)         0.456     5.543 r  u_unit_timer/cycle_cnt_reg[3]/Q
                         net (fo=2, routed)           0.832     6.375    u_unit_timer/cycle_cnt_reg[3]
    SLICE_X38Y48         LUT6 (Prop_lut6_I1_O)        0.124     6.499 r  u_unit_timer/unit_sel[1]_i_9/O
                         net (fo=1, routed)           0.417     6.917    u_unit_timer/unit_sel[1]_i_9_n_0
    SLICE_X38Y49         LUT6 (Prop_lut6_I5_O)        0.124     7.041 r  u_unit_timer/unit_sel[1]_i_8/O
                         net (fo=1, routed)           0.498     7.539    u_unit_timer/unit_sel[1]_i_8_n_0
    SLICE_X38Y50         LUT6 (Prop_lut6_I4_O)        0.124     7.663 r  u_unit_timer/unit_sel[1]_i_6/O
                         net (fo=1, routed)           0.417     8.081    u_unit_timer/unit_sel[1]_i_6_n_0
    SLICE_X38Y51         LUT6 (Prop_lut6_I2_O)        0.124     8.205 r  u_unit_timer/unit_sel[1]_i_5/O
                         net (fo=1, routed)           0.417     8.622    u_unit_timer/unit_sel[1]_i_5_n_0
    SLICE_X38Y52         LUT5 (Prop_lut5_I0_O)        0.124     8.746 r  u_unit_timer/unit_sel[1]_i_4/O
                         net (fo=2, routed)           0.438     9.184    u_unit_timer/unit_sel[1]_i_4_n_0
    SLICE_X38Y53         LUT4 (Prop_lut4_I3_O)        0.124     9.308 r  u_unit_timer/unit_sel[1]_i_2/O
                         net (fo=3, routed)           0.677     9.985    u_unit_timer/unit_sel[1]_i_2_n_0
    SLICE_X38Y53         LUT2 (Prop_lut2_I0_O)        0.150    10.135 r  u_unit_timer/cycle_cnt[0]_i_1/O
                         net (fo=29, routed)          0.952    11.087    u_unit_timer/cycle_cnt[0]_i_1_n_0
    SLICE_X39Y49         FDRE                                         r  u_unit_timer/cycle_cnt_reg[9]/R
  -------------------------------------------------------------------    -------------------

                         (clock sys_clk_pin rise edge)
                                                     10.000    10.000 r  
    W5                                                0.000    10.000 r  clk (IN)
                         net (fo=0)                   0.000    10.000    clk
    W5                   IBUF (Prop_ibuf_I_O)         1.388    11.388 r  clk_IBUF_inst/O
                         net (fo=1, routed)           1.862    13.250    clk_IBUF
    BUFGCTRL_X0Y0        BUFG (Prop_bufg_I_O)         0.091    13.341 r  clk_IBUF_BUFG_inst/O
                         net (fo=237, routed)         1.446    14.787    u_unit_timer/CLK
    SLICE_X39Y49         FDRE                                         r  u_unit_timer/cycle_cnt_reg[9]/C
                         clock pessimism              0.275    15.062    
                         clock uncertainty           -0.035    15.027    
    SLICE_X39Y49         FDRE (Setup_fdre_C_R)       -0.653    14.374    u_unit_timer/cycle_cnt_reg[9]
  -------------------------------------------------------------------
                         required time                         14.374    
                         arrival time                         -11.087    
  -------------------------------------------------------------------
                         slack                                  3.287    

Slack (MET) :             3.336ns  (required time - arrival time)
  Source:                 u_unit_timer/cycle_cnt_reg[3]/C
                            (rising edge-triggered cell FDRE clocked by sys_clk_pin  {rise@0.000ns fall@5.000ns period=10.000ns})
  Destination:            u_unit_timer/cycle_cnt_reg[4]/R
                            (rising edge-triggered cell FDRE clocked by sys_clk_pin  {rise@0.000ns fall@5.000ns period=10.000ns})
  Path Group:             sys_clk_pin
  Path Type:              Setup (Max at Slow Process Corner)
  Requirement:            10.000ns  (sys_clk_pin rise@10.000ns - sys_clk_pin rise@0.000ns)
  Data Path Delay:        5.950ns  (logic 1.350ns (22.688%)  route 4.600ns (77.312%))
  Logic Levels:           7  (LUT2=1 LUT4=1 LUT5=1 LUT6=4)
  Clock Path Skew:        -0.025ns (DCD - SCD + CPR)
    Destination Clock Delay (DCD):    4.787ns = ( 14.787 - 10.000 ) 
    Source Clock Delay      (SCD):    5.087ns
    Clock Pessimism Removal (CPR):    0.275ns
  Clock Uncertainty:      0.035ns  ((TSJ^2 + TIJ^2)^1/2 + DJ) / 2 + PE
    Total System Jitter     (TSJ):    0.071ns
    Total Input Jitter      (TIJ):    0.000ns
    Discrete Jitter          (DJ):    0.000ns
    Phase Error              (PE):    0.000ns

    Location             Delay type                Incr(ns)  Path(ns)    Netlist Resource(s)
  -------------------------------------------------------------------    -------------------
                         (clock sys_clk_pin rise edge)
                                                      0.000     0.000 r  
    W5                                                0.000     0.000 r  clk (IN)
                         net (fo=0)                   0.000     0.000    clk
    W5                   IBUF (Prop_ibuf_I_O)         1.458     1.458 r  clk_IBUF_inst/O
                         net (fo=1, routed)           1.967     3.425    clk_IBUF
    BUFGCTRL_X0Y0        BUFG (Prop_bufg_I_O)         0.096     3.521 r  clk_IBUF_BUFG_inst/O
                         net (fo=237, routed)         1.566     5.087    u_unit_timer/CLK
    SLICE_X39Y47         FDRE                                         r  u_unit_timer/cycle_cnt_reg[3]/C
  -------------------------------------------------------------------    -------------------
    SLICE_X39Y47         FDRE (Prop_fdre_C_Q)         0.456     5.543 r  u_unit_timer/cycle_cnt_reg[3]/Q
                         net (fo=2, routed)           0.832     6.375    u_unit_timer/cycle_cnt_reg[3]
    SLICE_X38Y48         LUT6 (Prop_lut6_I1_O)        0.124     6.499 r  u_unit_timer/unit_sel[1]_i_9/O
                         net (fo=1, routed)           0.417     6.917    u_unit_timer/unit_sel[1]_i_9_n_0
    SLICE_X38Y49         LUT6 (Prop_lut6_I5_O)        0.124     7.041 r  u_unit_timer/unit_sel[1]_i_8/O
                         net (fo=1, routed)           0.498     7.539    u_unit_timer/unit_sel[1]_i_8_n_0
    SLICE_X38Y50         LUT6 (Prop_lut6_I4_O)        0.124     7.663 r  u_unit_timer/unit_sel[1]_i_6/O
                         net (fo=1, routed)           0.417     8.081    u_unit_timer/unit_sel[1]_i_6_n_0
    SLICE_X38Y51         LUT6 (Prop_lut6_I2_O)        0.124     8.205 r  u_unit_timer/unit_sel[1]_i_5/O
                         net (fo=1, routed)           0.417     8.622    u_unit_timer/unit_sel[1]_i_5_n_0
    SLICE_X38Y52         LUT5 (Prop_lut5_I0_O)        0.124     8.746 r  u_unit_timer/unit_sel[1]_i_4/O
                         net (fo=2, routed)           0.438     9.184    u_unit_timer/unit_sel[1]_i_4_n_0
    SLICE_X38Y53         LUT4 (Prop_lut4_I3_O)        0.124     9.308 r  u_unit_timer/unit_sel[1]_i_2/O
                         net (fo=3, routed)           0.677     9.985    u_unit_timer/unit_sel[1]_i_2_n_0
    SLICE_X38Y53         LUT2 (Prop_lut2_I0_O)        0.150    10.135 r  u_unit_timer/cycle_cnt[0]_i_1/O
                         net (fo=29, routed)          0.902    11.038    u_unit_timer/cycle_cnt[0]_i_1_n_0
    SLICE_X39Y48         FDRE                                         r  u_unit_timer/cycle_cnt_reg[4]/R
  -------------------------------------------------------------------    -------------------

                         (clock sys_clk_pin rise edge)
                                                     10.000    10.000 r  
    W5                                                0.000    10.000 r  clk (IN)
                         net (fo=0)                   0.000    10.000    clk
    W5                   IBUF (Prop_ibuf_I_O)         1.388    11.388 r  clk_IBUF_inst/O
                         net (fo=1, routed)           1.862    13.250    clk_IBUF
    BUFGCTRL_X0Y0        BUFG (Prop_bufg_I_O)         0.091    13.341 r  clk_IBUF_BUFG_inst/O
                         net (fo=237, routed)         1.446    14.787    u_unit_timer/CLK
    SLICE_X39Y48         FDRE                                         r  u_unit_timer/cycle_cnt_reg[4]/C
                         clock pessimism              0.275    15.062    
                         clock uncertainty           -0.035    15.027    
    SLICE_X39Y48         FDRE (Setup_fdre_C_R)       -0.653    14.374    u_unit_timer/cycle_cnt_reg[4]
  -------------------------------------------------------------------
                         required time                         14.374    
                         arrival time                         -11.038    
  -------------------------------------------------------------------
                         slack                                  3.336    

Slack (MET) :             3.336ns  (required time - arrival time)
  Source:                 u_unit_timer/cycle_cnt_reg[3]/C
                            (rising edge-triggered cell FDRE clocked by sys_clk_pin  {rise@0.000ns fall@5.000ns period=10.000ns})
  Destination:            u_unit_timer/cycle_cnt_reg[5]/R
                            (rising edge-triggered cell FDRE clocked by sys_clk_pin  {rise@0.000ns fall@5.000ns period=10.000ns})
  Path Group:             sys_clk_pin
  Path Type:              Setup (Max at Slow Process Corner)
  Requirement:            10.000ns  (sys_clk_pin rise@10.000ns - sys_clk_pin rise@0.000ns)
  Data Path Delay:        5.950ns  (logic 1.350ns (22.688%)  route 4.600ns (77.312%))
  Logic Levels:           7  (LUT2=1 LUT4=1 LUT5=1 LUT6=4)
  Clock Path Skew:        -0.025ns (DCD - SCD + CPR)
    Destination Clock Delay (DCD):    4.787ns = ( 14.787 - 10.000 ) 
    Source Clock Delay      (SCD):    5.087ns
    Clock Pessimism Removal (CPR):    0.275ns
  Clock Uncertainty:      0.035ns  ((TSJ^2 + TIJ^2)^1/2 + DJ) / 2 + PE
    Total System Jitter     (TSJ):    0.071ns
    Total Input Jitter      (TIJ):    0.000ns
    Discrete Jitter          (DJ):    0.000ns
    Phase Error              (PE):    0.000ns

    Location             Delay type                Incr(ns)  Path(ns)    Netlist Resource(s)
  -------------------------------------------------------------------    -------------------
                         (clock sys_clk_pin rise edge)
                                                      0.000     0.000 r  
    W5                                                0.000     0.000 r  clk (IN)
                         net (fo=0)                   0.000     0.000    clk
    W5                   IBUF (Prop_ibuf_I_O)         1.458     1.458 r  clk_IBUF_inst/O
                         net (fo=1, routed)           1.967     3.425    clk_IBUF
    BUFGCTRL_X0Y0        BUFG (Prop_bufg_I_O)         0.096     3.521 r  clk_IBUF_BUFG_inst/O
                         net (fo=237, routed)         1.566     5.087    u_unit_timer/CLK
    SLICE_X39Y47         FDRE                                         r  u_unit_timer/cycle_cnt_reg[3]/C
  -------------------------------------------------------------------    -------------------
    SLICE_X39Y47         FDRE (Prop_fdre_C_Q)         0.456     5.543 r  u_unit_timer/cycle_cnt_reg[3]/Q
                         net (fo=2, routed)           0.832     6.375    u_unit_timer/cycle_cnt_reg[3]
    SLICE_X38Y48         LUT6 (Prop_lut6_I1_O)        0.124     6.499 r  u_unit_timer/unit_sel[1]_i_9/O
                         net (fo=1, routed)           0.417     6.917    u_unit_timer/unit_sel[1]_i_9_n_0
    SLICE_X38Y49         LUT6 (Prop_lut6_I5_O)        0.124     7.041 r  u_unit_timer/unit_sel[1]_i_8/O
                         net (fo=1, routed)           0.498     7.539    u_unit_timer/unit_sel[1]_i_8_n_0
    SLICE_X38Y50         LUT6 (Prop_lut6_I4_O)        0.124     7.663 r  u_unit_timer/unit_sel[1]_i_6/O
                         net (fo=1, routed)           0.417     8.081    u_unit_timer/unit_sel[1]_i_6_n_0
    SLICE_X38Y51         LUT6 (Prop_lut6_I2_O)        0.124     8.205 r  u_unit_timer/unit_sel[1]_i_5/O
                         net (fo=1, routed)           0.417     8.622    u_unit_timer/unit_sel[1]_i_5_n_0
    SLICE_X38Y52         LUT5 (Prop_lut5_I0_O)        0.124     8.746 r  u_unit_timer/unit_sel[1]_i_4/O
                         net (fo=2, routed)           0.438     9.184    u_unit_timer/unit_sel[1]_i_4_n_0
    SLICE_X38Y53         LUT4 (Prop_lut4_I3_O)        0.124     9.308 r  u_unit_timer/unit_sel[1]_i_2/O
                         net (fo=3, routed)           0.677     9.985    u_unit_timer/unit_sel[1]_i_2_n_0
    SLICE_X38Y53         LUT2 (Prop_lut2_I0_O)        0.150    10.135 r  u_unit_timer/cycle_cnt[0]_i_1/O
                         net (fo=29, routed)          0.902    11.038    u_unit_timer/cycle_cnt[0]_i_1_n_0
    SLICE_X39Y48         FDRE                                         r  u_unit_timer/cycle_cnt_reg[5]/R
  -------------------------------------------------------------------    -------------------

                         (clock sys_clk_pin rise edge)
                                                     10.000    10.000 r  
    W5                                                0.000    10.000 r  clk (IN)
                         net (fo=0)                   0.000    10.000    clk
    W5                   IBUF (Prop_ibuf_I_O)         1.388    11.388 r  clk_IBUF_inst/O
                         net (fo=1, routed)           1.862    13.250    clk_IBUF
    BUFGCTRL_X0Y0        BUFG (Prop_bufg_I_O)         0.091    13.341 r  clk_IBUF_BUFG_inst/O
                         net (fo=237, routed)         1.446    14.787    u_unit_timer/CLK
    SLICE_X39Y48         FDRE                                         r  u_unit_timer/cycle_cnt_reg[5]/C
                         clock pessimism              0.275    15.062    
                         clock uncertainty           -0.035    15.027    
    SLICE_X39Y48         FDRE (Setup_fdre_C_R)       -0.653    14.374    u_unit_timer/cycle_cnt_reg[5]
  -------------------------------------------------------------------
                         required time                         14.374    
                         arrival time                         -11.038    
  -------------------------------------------------------------------
                         slack                                  3.336    

Slack (MET) :             3.336ns  (required time - arrival time)
  Source:                 u_unit_timer/cycle_cnt_reg[3]/C
                            (rising edge-triggered cell FDRE clocked by sys_clk_pin  {rise@0.000ns fall@5.000ns period=10.000ns})
  Destination:            u_unit_timer/cycle_cnt_reg[6]/R
                            (rising edge-triggered cell FDRE clocked by sys_clk_pin  {rise@0.000ns fall@5.000ns period=10.000ns})
  Path Group:             sys_clk_pin
  Path Type:              Setup (Max at Slow Process Corner)
  Requirement:            10.000ns  (sys_clk_pin rise@10.000ns - sys_clk_pin rise@0.000ns)
  Data Path Delay:        5.950ns  (logic 1.350ns (22.688%)  route 4.600ns (77.312%))
  Logic Levels:           7  (LUT2=1 LUT4=1 LUT5=1 LUT6=4)
  Clock Path Skew:        -0.025ns (DCD - SCD + CPR)
    Destination Clock Delay (DCD):    4.787ns = ( 14.787 - 10.000 ) 
    Source Clock Delay      (SCD):    5.087ns
    Clock Pessimism Removal (CPR):    0.275ns
  Clock Uncertainty:      0.035ns  ((TSJ^2 + TIJ^2)^1/2 + DJ) / 2 + PE
    Total System Jitter     (TSJ):    0.071ns
    Total Input Jitter      (TIJ):    0.000ns
    Discrete Jitter          (DJ):    0.000ns
    Phase Error              (PE):    0.000ns

    Location             Delay type                Incr(ns)  Path(ns)    Netlist Resource(s)
  -------------------------------------------------------------------    -------------------
                         (clock sys_clk_pin rise edge)
                                                      0.000     0.000 r  
    W5                                                0.000     0.000 r  clk (IN)
                         net (fo=0)                   0.000     0.000    clk
    W5                   IBUF (Prop_ibuf_I_O)         1.458     1.458 r  clk_IBUF_inst/O
                         net (fo=1, routed)           1.967     3.425    clk_IBUF
    BUFGCTRL_X0Y0        BUFG (Prop_bufg_I_O)         0.096     3.521 r  clk_IBUF_BUFG_inst/O
                         net (fo=237, routed)         1.566     5.087    u_unit_timer/CLK
    SLICE_X39Y47         FDRE                                         r  u_unit_timer/cycle_cnt_reg[3]/C
  -------------------------------------------------------------------    -------------------
    SLICE_X39Y47         FDRE (Prop_fdre_C_Q)         0.456     5.543 r  u_unit_timer/cycle_cnt_reg[3]/Q
                         net (fo=2, routed)           0.832     6.375    u_unit_timer/cycle_cnt_reg[3]
    SLICE_X38Y48         LUT6 (Prop_lut6_I1_O)        0.124     6.499 r  u_unit_timer/unit_sel[1]_i_9/O
                         net (fo=1, routed)           0.417     6.917    u_unit_timer/unit_sel[1]_i_9_n_0
    SLICE_X38Y49         LUT6 (Prop_lut6_I5_O)        0.124     7.041 r  u_unit_timer/unit_sel[1]_i_8/O
                         net (fo=1, routed)           0.498     7.539    u_unit_timer/unit_sel[1]_i_8_n_0
    SLICE_X38Y50         LUT6 (Prop_lut6_I4_O)        0.124     7.663 r  u_unit_timer/unit_sel[1]_i_6/O
                         net (fo=1, routed)           0.417     8.081    u_unit_timer/unit_sel[1]_i_6_n_0
    SLICE_X38Y51         LUT6 (Prop_lut6_I2_O)        0.124     8.205 r  u_unit_timer/unit_sel[1]_i_5/O
                         net (fo=1, routed)           0.417     8.622    u_unit_timer/unit_sel[1]_i_5_n_0
    SLICE_X38Y52         LUT5 (Prop_lut5_I0_O)        0.124     8.746 r  u_unit_timer/unit_sel[1]_i_4/O
                         net (fo=2, routed)           0.438     9.184    u_unit_timer/unit_sel[1]_i_4_n_0
    SLICE_X38Y53         LUT4 (Prop_lut4_I3_O)        0.124     9.308 r  u_unit_timer/unit_sel[1]_i_2/O
                         net (fo=3, routed)           0.677     9.985    u_unit_timer/unit_sel[1]_i_2_n_0
    SLICE_X38Y53         LUT2 (Prop_lut2_I0_O)        0.150    10.135 r  u_unit_timer/cycle_cnt[0]_i_1/O
                         net (fo=29, routed)          0.902    11.038    u_unit_timer/cycle_cnt[0]_i_1_n_0
    SLICE_X39Y48         FDRE                                         r  u_unit_timer/cycle_cnt_reg[6]/R
  -------------------------------------------------------------------    -------------------

                         (clock sys_clk_pin rise edge)
                                                     10.000    10.000 r  
    W5                                                0.000    10.000 r  clk (IN)
                         net (fo=0)                   0.000    10.000    clk
    W5                   IBUF (Prop_ibuf_I_O)         1.388    11.388 r  clk_IBUF_inst/O
                         net (fo=1, routed)           1.862    13.250    clk_IBUF
    BUFGCTRL_X0Y0        BUFG (Prop_bufg_I_O)         0.091    13.341 r  clk_IBUF_BUFG_inst/O
                         net (fo=237, routed)         1.446    14.787    u_unit_timer/CLK
    SLICE_X39Y48         FDRE                                         r  u_unit_timer/cycle_cnt_reg[6]/C
                         clock pessimism              0.275    15.062    
                         clock uncertainty           -0.035    15.027    
    SLICE_X39Y48         FDRE (Setup_fdre_C_R)       -0.653    14.374    u_unit_timer/cycle_cnt_reg[6]
  -------------------------------------------------------------------
                         required time                         14.374    
                         arrival time                         -11.038    
  -------------------------------------------------------------------
                         slack                                  3.336    

Slack (MET) :             3.336ns  (required time - arrival time)
  Source:                 u_unit_timer/cycle_cnt_reg[3]/C
                            (rising edge-triggered cell FDRE clocked by sys_clk_pin  {rise@0.000ns fall@5.000ns period=10.000ns})
  Destination:            u_unit_timer/cycle_cnt_reg[7]/R
                            (rising edge-triggered cell FDRE clocked by sys_clk_pin  {rise@0.000ns fall@5.000ns period=10.000ns})
  Path Group:             sys_clk_pin
  Path Type:              Setup (Max at Slow Process Corner)
  Requirement:            10.000ns  (sys_clk_pin rise@10.000ns - sys_clk_pin rise@0.000ns)
  Data Path Delay:        5.950ns  (logic 1.350ns (22.688%)  route 4.600ns (77.312%))
  Logic Levels:           7  (LUT2=1 LUT4=1 LUT5=1 LUT6=4)
  Clock Path Skew:        -0.025ns (DCD - SCD + CPR)
    Destination Clock Delay (DCD):    4.787ns = ( 14.787 - 10.000 ) 
    Source Clock Delay      (SCD):    5.087ns
    Clock Pessimism Removal (CPR):    0.275ns
  Clock Uncertainty:      0.035ns  ((TSJ^2 + TIJ^2)^1/2 + DJ) / 2 + PE
    Total System Jitter     (TSJ):    0.071ns
    Total Input Jitter      (TIJ):    0.000ns
    Discrete Jitter          (DJ):    0.000ns
    Phase Error              (PE):    0.000ns

    Location             Delay type                Incr(ns)  Path(ns)    Netlist Resource(s)
  -------------------------------------------------------------------    -------------------
                         (clock sys_clk_pin rise edge)
                                                      0.000     0.000 r  
    W5                                                0.000     0.000 r  clk (IN)
                         net (fo=0)                   0.000     0.000    clk
    W5                   IBUF (Prop_ibuf_I_O)         1.458     1.458 r  clk_IBUF_inst/O
                         net (fo=1, routed)           1.967     3.425    clk_IBUF
    BUFGCTRL_X0Y0        BUFG (Prop_bufg_I_O)         0.096     3.521 r  clk_IBUF_BUFG_inst/O
                         net (fo=237, routed)         1.566     5.087    u_unit_timer/CLK
    SLICE_X39Y47         FDRE                                         r  u_unit_timer/cycle_cnt_reg[3]/C
  -------------------------------------------------------------------    -------------------
    SLICE_X39Y47         FDRE (Prop_fdre_C_Q)         0.456     5.543 r  u_unit_timer/cycle_cnt_reg[3]/Q
                         net (fo=2, routed)           0.832     6.375    u_unit_timer/cycle_cnt_reg[3]
    SLICE_X38Y48         LUT6 (Prop_lut6_I1_O)        0.124     6.499 r  u_unit_timer/unit_sel[1]_i_9/O
                         net (fo=1, routed)           0.417     6.917    u_unit_timer/unit_sel[1]_i_9_n_0
    SLICE_X38Y49         LUT6 (Prop_lut6_I5_O)        0.124     7.041 r  u_unit_timer/unit_sel[1]_i_8/O
                         net (fo=1, routed)           0.498     7.539    u_unit_timer/unit_sel[1]_i_8_n_0
    SLICE_X38Y50         LUT6 (Prop_lut6_I4_O)        0.124     7.663 r  u_unit_timer/unit_sel[1]_i_6/O
                         net (fo=1, routed)           0.417     8.081    u_unit_timer/unit_sel[1]_i_6_n_0
    SLICE_X38Y51         LUT6 (Prop_lut6_I2_O)        0.124     8.205 r  u_unit_timer/unit_sel[1]_i_5/O
                         net (fo=1, routed)           0.417     8.622    u_unit_timer/unit_sel[1]_i_5_n_0
    SLICE_X38Y52         LUT5 (Prop_lut5_I0_O)        0.124     8.746 r  u_unit_timer/unit_sel[1]_i_4/O
                         net (fo=2, routed)           0.438     9.184    u_unit_timer/unit_sel[1]_i_4_n_0
    SLICE_X38Y53         LUT4 (Prop_lut4_I3_O)        0.124     9.308 r  u_unit_timer/unit_sel[1]_i_2/O
                         net (fo=3, routed)           0.677     9.985    u_unit_timer/unit_sel[1]_i_2_n_0
    SLICE_X38Y53         LUT2 (Prop_lut2_I0_O)        0.150    10.135 r  u_unit_timer/cycle_cnt[0]_i_1/O
                         net (fo=29, routed)          0.902    11.038    u_unit_timer/cycle_cnt[0]_i_1_n_0
    SLICE_X39Y48         FDRE                                         r  u_unit_timer/cycle_cnt_reg[7]/R
  -------------------------------------------------------------------    -------------------

                         (clock sys_clk_pin rise edge)
                                                     10.000    10.000 r  
    W5                                                0.000    10.000 r  clk (IN)
                         net (fo=0)                   0.000    10.000    clk
    W5                   IBUF (Prop_ibuf_I_O)         1.388    11.388 r  clk_IBUF_inst/O
                         net (fo=1, routed)           1.862    13.250    clk_IBUF
    BUFGCTRL_X0Y0        BUFG (Prop_bufg_I_O)         0.091    13.341 r  clk_IBUF_BUFG_inst/O
                         net (fo=237, routed)         1.446    14.787    u_unit_timer/CLK
    SLICE_X39Y48         FDRE                                         r  u_unit_timer/cycle_cnt_reg[7]/C
                         clock pessimism              0.275    15.062    
                         clock uncertainty           -0.035    15.027    
    SLICE_X39Y48         FDRE (Setup_fdre_C_R)       -0.653    14.374    u_unit_timer/cycle_cnt_reg[7]
  -------------------------------------------------------------------
                         required time                         14.374    
                         arrival time                         -11.038    
  -------------------------------------------------------------------
                         slack                                  3.336    

Slack (MET) :             3.383ns  (required time - arrival time)
  Source:                 u_unit_timer/cycle_cnt_reg[3]/C
                            (rising edge-triggered cell FDRE clocked by sys_clk_pin  {rise@0.000ns fall@5.000ns period=10.000ns})
  Destination:            u_unit_timer/cycle_cnt_reg[12]/R
                            (rising edge-triggered cell FDRE clocked by sys_clk_pin  {rise@0.000ns fall@5.000ns period=10.000ns})
  Path Group:             sys_clk_pin
  Path Type:              Setup (Max at Slow Process Corner)
  Requirement:            10.000ns  (sys_clk_pin rise@10.000ns - sys_clk_pin rise@0.000ns)
  Data Path Delay:        5.798ns  (logic 1.350ns (23.285%)  route 4.448ns (76.715%))
  Logic Levels:           7  (LUT2=1 LUT4=1 LUT5=1 LUT6=4)
  Clock Path Skew:        -0.131ns (DCD - SCD + CPR)
    Destination Clock Delay (DCD):    4.777ns = ( 14.777 - 10.000 ) 
    Source Clock Delay      (SCD):    5.087ns
    Clock Pessimism Removal (CPR):    0.180ns
  Clock Uncertainty:      0.035ns  ((TSJ^2 + TIJ^2)^1/2 + DJ) / 2 + PE
    Total System Jitter     (TSJ):    0.071ns
    Total Input Jitter      (TIJ):    0.000ns
    Discrete Jitter          (DJ):    0.000ns
    Phase Error              (PE):    0.000ns

    Location             Delay type                Incr(ns)  Path(ns)    Netlist Resource(s)
  -------------------------------------------------------------------    -------------------
                         (clock sys_clk_pin rise edge)
                                                      0.000     0.000 r  
    W5                                                0.000     0.000 r  clk (IN)
                         net (fo=0)                   0.000     0.000    clk
    W5                   IBUF (Prop_ibuf_I_O)         1.458     1.458 r  clk_IBUF_inst/O
                         net (fo=1, routed)           1.967     3.425    clk_IBUF
    BUFGCTRL_X0Y0        BUFG (Prop_bufg_I_O)         0.096     3.521 r  clk_IBUF_BUFG_inst/O
                         net (fo=237, routed)         1.566     5.087    u_unit_timer/CLK
    SLICE_X39Y47         FDRE                                         r  u_unit_timer/cycle_cnt_reg[3]/C
  -------------------------------------------------------------------    -------------------
    SLICE_X39Y47         FDRE (Prop_fdre_C_Q)         0.456     5.543 r  u_unit_timer/cycle_cnt_reg[3]/Q
                         net (fo=2, routed)           0.832     6.375    u_unit_timer/cycle_cnt_reg[3]
    SLICE_X38Y48         LUT6 (Prop_lut6_I1_O)        0.124     6.499 r  u_unit_timer/unit_sel[1]_i_9/O
                         net (fo=1, routed)           0.417     6.917    u_unit_timer/unit_sel[1]_i_9_n_0
    SLICE_X38Y49         LUT6 (Prop_lut6_I5_O)        0.124     7.041 r  u_unit_timer/unit_sel[1]_i_8/O
                         net (fo=1, routed)           0.498     7.539    u_unit_timer/unit_sel[1]_i_8_n_0
    SLICE_X38Y50         LUT6 (Prop_lut6_I4_O)        0.124     7.663 r  u_unit_timer/unit_sel[1]_i_6/O
                         net (fo=1, routed)           0.417     8.081    u_unit_timer/unit_sel[1]_i_6_n_0
    SLICE_X38Y51         LUT6 (Prop_lut6_I2_O)        0.124     8.205 r  u_unit_timer/unit_sel[1]_i_5/O
                         net (fo=1, routed)           0.417     8.622    u_unit_timer/unit_sel[1]_i_5_n_0
    SLICE_X38Y52         LUT5 (Prop_lut5_I0_O)        0.124     8.746 r  u_unit_timer/unit_sel[1]_i_4/O
                         net (fo=2, routed)           0.438     9.184    u_unit_timer/unit_sel[1]_i_4_n_0
    SLICE_X38Y53         LUT4 (Prop_lut4_I3_O)        0.124     9.308 r  u_unit_timer/unit_sel[1]_i_2/O
                         net (fo=3, routed)           0.677     9.985    u_unit_timer/unit_sel[1]_i_2_n_0
    SLICE_X38Y53         LUT2 (Prop_lut2_I0_O)        0.150    10.135 r  u_unit_timer/cycle_cnt[0]_i_1/O
                         net (fo=29, routed)          0.750    10.885    u_unit_timer/cycle_cnt[0]_i_1_n_0
    SLICE_X39Y50         FDRE                                         r  u_unit_timer/cycle_cnt_reg[12]/R
  -------------------------------------------------------------------    -------------------

                         (clock sys_clk_pin rise edge)
                                                     10.000    10.000 r  
    W5                                                0.000    10.000 r  clk (IN)
                         net (fo=0)                   0.000    10.000    clk
    W5                   IBUF (Prop_ibuf_I_O)         1.388    11.388 r  clk_IBUF_inst/O
                         net (fo=1, routed)           1.862    13.250    clk_IBUF
    BUFGCTRL_X0Y0        BUFG (Prop_bufg_I_O)         0.091    13.341 r  clk_IBUF_BUFG_inst/O
                         net (fo=237, routed)         1.436    14.777    u_unit_timer/CLK
    SLICE_X39Y50         FDRE                                         r  u_unit_timer/cycle_cnt_reg[12]/C
                         clock pessimism              0.180    14.957    
                         clock uncertainty           -0.035    14.921    
    SLICE_X39Y50         FDRE (Setup_fdre_C_R)       -0.653    14.268    u_unit_timer/cycle_cnt_reg[12]
  -------------------------------------------------------------------
                         required time                         14.268    
                         arrival time                         -10.885    
  -------------------------------------------------------------------
                         slack                                  3.383    

Slack (MET) :             3.383ns  (required time - arrival time)
  Source:                 u_unit_timer/cycle_cnt_reg[3]/C
                            (rising edge-triggered cell FDRE clocked by sys_clk_pin  {rise@0.000ns fall@5.000ns period=10.000ns})
  Destination:            u_unit_timer/cycle_cnt_reg[13]/R
                            (rising edge-triggered cell FDRE clocked by sys_clk_pin  {rise@0.000ns fall@5.000ns period=10.000ns})
  Path Group:             sys_clk_pin
  Path Type:              Setup (Max at Slow Process Corner)
  Requirement:            10.000ns  (sys_clk_pin rise@10.000ns - sys_clk_pin rise@0.000ns)
  Data Path Delay:        5.798ns  (logic 1.350ns (23.285%)  route 4.448ns (76.715%))
  Logic Levels:           7  (LUT2=1 LUT4=1 LUT5=1 LUT6=4)
  Clock Path Skew:        -0.131ns (DCD - SCD + CPR)
    Destination Clock Delay (DCD):    4.777ns = ( 14.777 - 10.000 ) 
    Source Clock Delay      (SCD):    5.087ns
    Clock Pessimism Removal (CPR):    0.180ns
  Clock Uncertainty:      0.035ns  ((TSJ^2 + TIJ^2)^1/2 + DJ) / 2 + PE
    Total System Jitter     (TSJ):    0.071ns
    Total Input Jitter      (TIJ):    0.000ns
    Discrete Jitter          (DJ):    0.000ns
    Phase Error              (PE):    0.000ns

    Location             Delay type                Incr(ns)  Path(ns)    Netlist Resource(s)
  -------------------------------------------------------------------    -------------------
                         (clock sys_clk_pin rise edge)
                                                      0.000     0.000 r  
    W5                                                0.000     0.000 r  clk (IN)
                         net (fo=0)                   0.000     0.000    clk
    W5                   IBUF (Prop_ibuf_I_O)         1.458     1.458 r  clk_IBUF_inst/O
                         net (fo=1, routed)           1.967     3.425    clk_IBUF
    BUFGCTRL_X0Y0        BUFG (Prop_bufg_I_O)         0.096     3.521 r  clk_IBUF_BUFG_inst/O
                         net (fo=237, routed)         1.566     5.087    u_unit_timer/CLK
    SLICE_X39Y47         FDRE                                         r  u_unit_timer/cycle_cnt_reg[3]/C
  -------------------------------------------------------------------    -------------------
    SLICE_X39Y47         FDRE (Prop_fdre_C_Q)         0.456     5.543 r  u_unit_timer/cycle_cnt_reg[3]/Q
                         net (fo=2, routed)           0.832     6.375    u_unit_timer/cycle_cnt_reg[3]
    SLICE_X38Y48         LUT6 (Prop_lut6_I1_O)        0.124     6.499 r  u_unit_timer/unit_sel[1]_i_9/O
                         net (fo=1, routed)           0.417     6.917    u_unit_timer/unit_sel[1]_i_9_n_0
    SLICE_X38Y49         LUT6 (Prop_lut6_I5_O)        0.124     7.041 r  u_unit_timer/unit_sel[1]_i_8/O
                         net (fo=1, routed)           0.498     7.539    u_unit_timer/unit_sel[1]_i_8_n_0
    SLICE_X38Y50         LUT6 (Prop_lut6_I4_O)        0.124     7.663 r  u_unit_timer/unit_sel[1]_i_6/O
                         net (fo=1, routed)           0.417     8.081    u_unit_timer/unit_sel[1]_i_6_n_0
    SLICE_X38Y51         LUT6 (Prop_lut6_I2_O)        0.124     8.205 r  u_unit_timer/unit_sel[1]_i_5/O
                         net (fo=1, routed)           0.417     8.622    u_unit_timer/unit_sel[1]_i_5_n_0
    SLICE_X38Y52         LUT5 (Prop_lut5_I0_O)        0.124     8.746 r  u_unit_timer/unit_sel[1]_i_4/O
                         net (fo=2, routed)           0.438     9.184    u_unit_timer/unit_sel[1]_i_4_n_0
    SLICE_X38Y53         LUT4 (Prop_lut4_I3_O)        0.124     9.308 r  u_unit_timer/unit_sel[1]_i_2/O
                         net (fo=3, routed)           0.677     9.985    u_unit_timer/unit_sel[1]_i_2_n_0
    SLICE_X38Y53         LUT2 (Prop_lut2_I0_O)        0.150    10.135 r  u_unit_timer/cycle_cnt[0]_i_1/O
                         net (fo=29, routed)          0.750    10.885    u_unit_timer/cycle_cnt[0]_i_1_n_0
    SLICE_X39Y50         FDRE                                         r  u_unit_timer/cycle_cnt_reg[13]/R
  -------------------------------------------------------------------    -------------------

                         (clock sys_clk_pin rise edge)
                                                     10.000    10.000 r  
    W5                                                0.000    10.000 r  clk (IN)
                         net (fo=0)                   0.000    10.000    clk
    W5                   IBUF (Prop_ibuf_I_O)         1.388    11.388 r  clk_IBUF_inst/O
                         net (fo=1, routed)           1.862    13.250    clk_IBUF
    BUFGCTRL_X0Y0        BUFG (Prop_bufg_I_O)         0.091    13.341 r  clk_IBUF_BUFG_inst/O
                         net (fo=237, routed)         1.436    14.777    u_unit_timer/CLK
    SLICE_X39Y50         FDRE                                         r  u_unit_timer/cycle_cnt_reg[13]/C
                         clock pessimism              0.180    14.957    
                         clock uncertainty           -0.035    14.921    
    SLICE_X39Y50         FDRE (Setup_fdre_C_R)       -0.653    14.268    u_unit_timer/cycle_cnt_reg[13]
  -------------------------------------------------------------------
                         required time                         14.268    
                         arrival time                         -10.885    
  -------------------------------------------------------------------
                         slack                                  3.383    





Min Delay Paths
--------------------------------------------------------------------------------------
Slack (MET) :             0.103ns  (arrival time - required time)
  Source:                 u_unit_timer/cycle_cnt_reg[11]/C
                            (rising edge-triggered cell FDRE clocked by sys_clk_pin  {rise@0.000ns fall@5.000ns period=10.000ns})
  Destination:            u_unit_timer/cycle_cnt_reg[12]/D
                            (rising edge-triggered cell FDRE clocked by sys_clk_pin  {rise@0.000ns fall@5.000ns period=10.000ns})
  Path Group:             sys_clk_pin
  Path Type:              Hold (Min at Fast Process Corner)
  Requirement:            0.000ns  (sys_clk_pin rise@0.000ns - sys_clk_pin rise@0.000ns)
  Data Path Delay:        0.475ns  (logic 0.355ns (74.742%)  route 0.120ns (25.258%))
  Logic Levels:           2  (CARRY4=2)
  Clock Path Skew:        0.267ns (DCD - SCD - CPR)
    Destination Clock Delay (DCD):    1.958ns
    Source Clock Delay      (SCD):    1.447ns
    Clock Pessimism Removal (CPR):    0.244ns

    Location             Delay type                Incr(ns)  Path(ns)    Netlist Resource(s)
  -------------------------------------------------------------------    -------------------
                         (clock sys_clk_pin rise edge)
                                                      0.000     0.000 r  
    W5                                                0.000     0.000 r  clk (IN)
                         net (fo=0)                   0.000     0.000    clk
    W5                   IBUF (Prop_ibuf_I_O)         0.226     0.226 r  clk_IBUF_inst/O
                         net (fo=1, routed)           0.631     0.858    clk_IBUF
    BUFGCTRL_X0Y0        BUFG (Prop_bufg_I_O)         0.026     0.884 r  clk_IBUF_BUFG_inst/O
                         net (fo=237, routed)         0.564     1.447    u_unit_timer/CLK
    SLICE_X39Y49         FDRE                                         r  u_unit_timer/cycle_cnt_reg[11]/C
  -------------------------------------------------------------------    -------------------
    SLICE_X39Y49         FDRE (Prop_fdre_C_Q)         0.141     1.588 r  u_unit_timer/cycle_cnt_reg[11]/Q
                         net (fo=2, routed)           0.119     1.707    u_unit_timer/cycle_cnt_reg[11]
    SLICE_X39Y49         CARRY4 (Prop_carry4_S[3]_CO[3])
                                                      0.160     1.867 r  u_unit_timer/cycle_cnt_reg[8]_i_1/CO[3]
                         net (fo=1, routed)           0.001     1.868    u_unit_timer/cycle_cnt_reg[8]_i_1_n_0
    SLICE_X39Y50         CARRY4 (Prop_carry4_CI_O[0])
                                                      0.054     1.922 r  u_unit_timer/cycle_cnt_reg[12]_i_1/O[0]
                         net (fo=1, routed)           0.000     1.922    u_unit_timer/cycle_cnt_reg[12]_i_1_n_7
    SLICE_X39Y50         FDRE                                         r  u_unit_timer/cycle_cnt_reg[12]/D
  -------------------------------------------------------------------    -------------------

                         (clock sys_clk_pin rise edge)
                                                      0.000     0.000 r  
    W5                                                0.000     0.000 r  clk (IN)
                         net (fo=0)                   0.000     0.000    clk
    W5                   IBUF (Prop_ibuf_I_O)         0.414     0.414 r  clk_IBUF_inst/O
                         net (fo=1, routed)           0.685     1.099    clk_IBUF
    BUFGCTRL_X0Y0        BUFG (Prop_bufg_I_O)         0.029     1.128 r  clk_IBUF_BUFG_inst/O
                         net (fo=237, routed)         0.830     1.958    u_unit_timer/CLK
    SLICE_X39Y50         FDRE                                         r  u_unit_timer/cycle_cnt_reg[12]/C
                         clock pessimism             -0.244     1.714    
    SLICE_X39Y50         FDRE (Hold_fdre_C_D)         0.105     1.819    u_unit_timer/cycle_cnt_reg[12]
  -------------------------------------------------------------------
                         required time                         -1.819    
                         arrival time                           1.922    
  -------------------------------------------------------------------
                         slack                                  0.103    

Slack (MET) :             0.114ns  (arrival time - required time)
  Source:                 u_unit_timer/cycle_cnt_reg[11]/C
                            (rising edge-triggered cell FDRE clocked by sys_clk_pin  {rise@0.000ns fall@5.000ns period=10.000ns})
  Destination:            u_unit_timer/cycle_cnt_reg[14]/D
                            (rising edge-triggered cell FDRE clocked by sys_clk_pin  {rise@0.000ns fall@5.000ns period=10.000ns})
  Path Group:             sys_clk_pin
  Path Type:              Hold (Min at Fast Process Corner)
  Requirement:            0.000ns  (sys_clk_pin rise@0.000ns - sys_clk_pin rise@0.000ns)
  Data Path Delay:        0.486ns  (logic 0.366ns (75.313%)  route 0.120ns (24.687%))
  Logic Levels:           2  (CARRY4=2)
  Clock Path Skew:        0.267ns (DCD - SCD - CPR)
    Destination Clock Delay (DCD):    1.958ns
    Source Clock Delay      (SCD):    1.447ns
    Clock Pessimism Removal (CPR):    0.244ns

    Location             Delay type                Incr(ns)  Path(ns)    Netlist Resource(s)
  -------------------------------------------------------------------    -------------------
                         (clock sys_clk_pin rise edge)
                                                      0.000     0.000 r  
    W5                                                0.000     0.000 r  clk (IN)
                         net (fo=0)                   0.000     0.000    clk
    W5                   IBUF (Prop_ibuf_I_O)         0.226     0.226 r  clk_IBUF_inst/O
                         net (fo=1, routed)           0.631     0.858    clk_IBUF
    BUFGCTRL_X0Y0        BUFG (Prop_bufg_I_O)         0.026     0.884 r  clk_IBUF_BUFG_inst/O
                         net (fo=237, routed)         0.564     1.447    u_unit_timer/CLK
    SLICE_X39Y49         FDRE                                         r  u_unit_timer/cycle_cnt_reg[11]/C
  -------------------------------------------------------------------    -------------------
    SLICE_X39Y49         FDRE (Prop_fdre_C_Q)         0.141     1.588 r  u_unit_timer/cycle_cnt_reg[11]/Q
                         net (fo=2, routed)           0.119     1.707    u_unit_timer/cycle_cnt_reg[11]
    SLICE_X39Y49         CARRY4 (Prop_carry4_S[3]_CO[3])
                                                      0.160     1.867 r  u_unit_timer/cycle_cnt_reg[8]_i_1/CO[3]
                         net (fo=1, routed)           0.001     1.868    u_unit_timer/cycle_cnt_reg[8]_i_1_n_0
    SLICE_X39Y50         CARRY4 (Prop_carry4_CI_O[2])
                                                      0.065     1.933 r  u_unit_timer/cycle_cnt_reg[12]_i_1/O[2]
                         net (fo=1, routed)           0.000     1.933    u_unit_timer/cycle_cnt_reg[12]_i_1_n_5
    SLICE_X39Y50         FDRE                                         r  u_unit_timer/cycle_cnt_reg[14]/D
  -------------------------------------------------------------------    -------------------

                         (clock sys_clk_pin rise edge)
                                                      0.000     0.000 r  
    W5                                                0.000     0.000 r  clk (IN)
                         net (fo=0)                   0.000     0.000    clk
    W5                   IBUF (Prop_ibuf_I_O)         0.414     0.414 r  clk_IBUF_inst/O
                         net (fo=1, routed)           0.685     1.099    clk_IBUF
    BUFGCTRL_X0Y0        BUFG (Prop_bufg_I_O)         0.029     1.128 r  clk_IBUF_BUFG_inst/O
                         net (fo=237, routed)         0.830     1.958    u_unit_timer/CLK
    SLICE_X39Y50         FDRE                                         r  u_unit_timer/cycle_cnt_reg[14]/C
                         clock pessimism             -0.244     1.714    
    SLICE_X39Y50         FDRE (Hold_fdre_C_D)         0.105     1.819    u_unit_timer/cycle_cnt_reg[14]
  -------------------------------------------------------------------
                         required time                         -1.819    
                         arrival time                           1.933    
  -------------------------------------------------------------------
                         slack                                  0.114    

Slack (MET) :             0.122ns  (arrival time - required time)
  Source:                 u_dht11/sr_reg[0]/C
                            (rising edge-triggered cell FDRE clocked by sys_clk_pin  {rise@0.000ns fall@5.000ns period=10.000ns})
  Destination:            u_dht11/sr_reg[1]/D
                            (rising edge-triggered cell FDRE clocked by sys_clk_pin  {rise@0.000ns fall@5.000ns period=10.000ns})
  Path Group:             sys_clk_pin
  Path Type:              Hold (Min at Fast Process Corner)
  Requirement:            0.000ns  (sys_clk_pin rise@0.000ns - sys_clk_pin rise@0.000ns)
  Data Path Delay:        0.197ns  (logic 0.141ns (71.611%)  route 0.056ns (28.389%))
  Logic Levels:           0  
  Clock Path Skew:        0.000ns (DCD - SCD - CPR)
    Destination Clock Delay (DCD):    1.960ns
    Source Clock Delay      (SCD):    1.446ns
    Clock Pessimism Removal (CPR):    0.514ns

    Location             Delay type                Incr(ns)  Path(ns)    Netlist Resource(s)
  -------------------------------------------------------------------    -------------------
                         (clock sys_clk_pin rise edge)
                                                      0.000     0.000 r  
    W5                                                0.000     0.000 r  clk (IN)
                         net (fo=0)                   0.000     0.000    clk
    W5                   IBUF (Prop_ibuf_I_O)         0.226     0.226 r  clk_IBUF_inst/O
                         net (fo=1, routed)           0.631     0.858    clk_IBUF
    BUFGCTRL_X0Y0        BUFG (Prop_bufg_I_O)         0.026     0.884 r  clk_IBUF_BUFG_inst/O
                         net (fo=237, routed)         0.563     1.446    u_dht11/CLK
    SLICE_X49Y59         FDRE                                         r  u_dht11/sr_reg[0]/C
  -------------------------------------------------------------------    -------------------
    SLICE_X49Y59         FDRE (Prop_fdre_C_Q)         0.141     1.587 r  u_dht11/sr_reg[0]/Q
                         net (fo=2, routed)           0.056     1.643    u_dht11/sr_reg_n_0_[0]
    SLICE_X49Y59         FDRE                                         r  u_dht11/sr_reg[1]/D
  -------------------------------------------------------------------    -------------------

                         (clock sys_clk_pin rise edge)
                                                      0.000     0.000 r  
    W5                                                0.000     0.000 r  clk (IN)
                         net (fo=0)                   0.000     0.000    clk
    W5                   IBUF (Prop_ibuf_I_O)         0.414     0.414 r  clk_IBUF_inst/O
                         net (fo=1, routed)           0.685     1.099    clk_IBUF
    BUFGCTRL_X0Y0        BUFG (Prop_bufg_I_O)         0.029     1.128 r  clk_IBUF_BUFG_inst/O
                         net (fo=237, routed)         0.832     1.960    u_dht11/CLK
    SLICE_X49Y59         FDRE                                         r  u_dht11/sr_reg[1]/C
                         clock pessimism             -0.514     1.446    
    SLICE_X49Y59         FDRE (Hold_fdre_C_D)         0.075     1.521    u_dht11/sr_reg[1]
  -------------------------------------------------------------------
                         required time                         -1.521    
                         arrival time                           1.643    
  -------------------------------------------------------------------
                         slack                                  0.122    

Slack (MET) :             0.130ns  (arrival time - required time)
  Source:                 u_dht11/sr_reg[35]/C
                            (rising edge-triggered cell FDRE clocked by sys_clk_pin  {rise@0.000ns fall@5.000ns period=10.000ns})
  Destination:            u_dht11/sr_reg[36]/D
                            (rising edge-triggered cell FDRE clocked by sys_clk_pin  {rise@0.000ns fall@5.000ns period=10.000ns})
  Path Group:             sys_clk_pin
  Path Type:              Hold (Min at Fast Process Corner)
  Requirement:            0.000ns  (sys_clk_pin rise@0.000ns - sys_clk_pin rise@0.000ns)
  Data Path Delay:        0.208ns  (logic 0.141ns (67.855%)  route 0.067ns (32.145%))
  Logic Levels:           0  
  Clock Path Skew:        0.000ns (DCD - SCD - CPR)
    Destination Clock Delay (DCD):    1.960ns
    Source Clock Delay      (SCD):    1.446ns
    Clock Pessimism Removal (CPR):    0.514ns

    Location             Delay type                Incr(ns)  Path(ns)    Netlist Resource(s)
  -------------------------------------------------------------------    -------------------
                         (clock sys_clk_pin rise edge)
                                                      0.000     0.000 r  
    W5                                                0.000     0.000 r  clk (IN)
                         net (fo=0)                   0.000     0.000    clk
    W5                   IBUF (Prop_ibuf_I_O)         0.226     0.226 r  clk_IBUF_inst/O
                         net (fo=1, routed)           0.631     0.858    clk_IBUF
    BUFGCTRL_X0Y0        BUFG (Prop_bufg_I_O)         0.026     0.884 r  clk_IBUF_BUFG_inst/O
                         net (fo=237, routed)         0.563     1.446    u_dht11/CLK
    SLICE_X49Y57         FDRE                                         r  u_dht11/sr_reg[35]/C
  -------------------------------------------------------------------    -------------------
    SLICE_X49Y57         FDRE (Prop_fdre_C_Q)         0.141     1.587 r  u_dht11/sr_reg[35]/Q
                         net (fo=3, routed)           0.067     1.654    u_dht11/p_1_in[3]
    SLICE_X49Y57         FDRE                                         r  u_dht11/sr_reg[36]/D
  -------------------------------------------------------------------    -------------------

                         (clock sys_clk_pin rise edge)
                                                      0.000     0.000 r  
    W5                                                0.000     0.000 r  clk (IN)
                         net (fo=0)                   0.000     0.000    clk
    W5                   IBUF (Prop_ibuf_I_O)         0.414     0.414 r  clk_IBUF_inst/O
                         net (fo=1, routed)           0.685     1.099    clk_IBUF
    BUFGCTRL_X0Y0        BUFG (Prop_bufg_I_O)         0.029     1.128 r  clk_IBUF_BUFG_inst/O
                         net (fo=237, routed)         0.832     1.960    u_dht11/CLK
    SLICE_X49Y57         FDRE                                         r  u_dht11/sr_reg[36]/C
                         clock pessimism             -0.514     1.446    
    SLICE_X49Y57         FDRE (Hold_fdre_C_D)         0.078     1.524    u_dht11/sr_reg[36]
  -------------------------------------------------------------------
                         required time                         -1.524    
                         arrival time                           1.654    
  -------------------------------------------------------------------
                         slack                                  0.130    

Slack (MET) :             0.139ns  (arrival time - required time)
  Source:                 u_unit_timer/cycle_cnt_reg[11]/C
                            (rising edge-triggered cell FDRE clocked by sys_clk_pin  {rise@0.000ns fall@5.000ns period=10.000ns})
  Destination:            u_unit_timer/cycle_cnt_reg[13]/D
                            (rising edge-triggered cell FDRE clocked by sys_clk_pin  {rise@0.000ns fall@5.000ns period=10.000ns})
  Path Group:             sys_clk_pin
  Path Type:              Hold (Min at Fast Process Corner)
  Requirement:            0.000ns  (sys_clk_pin rise@0.000ns - sys_clk_pin rise@0.000ns)
  Data Path Delay:        0.511ns  (logic 0.391ns (76.521%)  route 0.120ns (23.479%))
  Logic Levels:           2  (CARRY4=2)
  Clock Path Skew:        0.267ns (DCD - SCD - CPR)
    Destination Clock Delay (DCD):    1.958ns
    Source Clock Delay      (SCD):    1.447ns
    Clock Pessimism Removal (CPR):    0.244ns

    Location             Delay type                Incr(ns)  Path(ns)    Netlist Resource(s)
  -------------------------------------------------------------------    -------------------
                         (clock sys_clk_pin rise edge)
                                                      0.000     0.000 r  
    W5                                                0.000     0.000 r  clk (IN)
                         net (fo=0)                   0.000     0.000    clk
    W5                   IBUF (Prop_ibuf_I_O)         0.226     0.226 r  clk_IBUF_inst/O
                         net (fo=1, routed)           0.631     0.858    clk_IBUF
    BUFGCTRL_X0Y0        BUFG (Prop_bufg_I_O)         0.026     0.884 r  clk_IBUF_BUFG_inst/O
                         net (fo=237, routed)         0.564     1.447    u_unit_timer/CLK
    SLICE_X39Y49         FDRE                                         r  u_unit_timer/cycle_cnt_reg[11]/C
  -------------------------------------------------------------------    -------------------
    SLICE_X39Y49         FDRE (Prop_fdre_C_Q)         0.141     1.588 r  u_unit_timer/cycle_cnt_reg[11]/Q
                         net (fo=2, routed)           0.119     1.707    u_unit_timer/cycle_cnt_reg[11]
    SLICE_X39Y49         CARRY4 (Prop_carry4_S[3]_CO[3])
                                                      0.160     1.867 r  u_unit_timer/cycle_cnt_reg[8]_i_1/CO[3]
                         net (fo=1, routed)           0.001     1.868    u_unit_timer/cycle_cnt_reg[8]_i_1_n_0
    SLICE_X39Y50         CARRY4 (Prop_carry4_CI_O[1])
                                                      0.090     1.958 r  u_unit_timer/cycle_cnt_reg[12]_i_1/O[1]
                         net (fo=1, routed)           0.000     1.958    u_unit_timer/cycle_cnt_reg[12]_i_1_n_6
    SLICE_X39Y50         FDRE                                         r  u_unit_timer/cycle_cnt_reg[13]/D
  -------------------------------------------------------------------    -------------------

                         (clock sys_clk_pin rise edge)
                                                      0.000     0.000 r  
    W5                                                0.000     0.000 r  clk (IN)
                         net (fo=0)                   0.000     0.000    clk
    W5                   IBUF (Prop_ibuf_I_O)         0.414     0.414 r  clk_IBUF_inst/O
                         net (fo=1, routed)           0.685     1.099    clk_IBUF
    BUFGCTRL_X0Y0        BUFG (Prop_bufg_I_O)         0.029     1.128 r  clk_IBUF_BUFG_inst/O
                         net (fo=237, routed)         0.830     1.958    u_unit_timer/CLK
    SLICE_X39Y50         FDRE                                         r  u_unit_timer/cycle_cnt_reg[13]/C
                         clock pessimism             -0.244     1.714    
    SLICE_X39Y50         FDRE (Hold_fdre_C_D)         0.105     1.819    u_unit_timer/cycle_cnt_reg[13]
  -------------------------------------------------------------------
                         required time                         -1.819    
                         arrival time                           1.958    
  -------------------------------------------------------------------
                         slack                                  0.139    

Slack (MET) :             0.139ns  (arrival time - required time)
  Source:                 u_unit_timer/cycle_cnt_reg[11]/C
                            (rising edge-triggered cell FDRE clocked by sys_clk_pin  {rise@0.000ns fall@5.000ns period=10.000ns})
  Destination:            u_unit_timer/cycle_cnt_reg[15]/D
                            (rising edge-triggered cell FDRE clocked by sys_clk_pin  {rise@0.000ns fall@5.000ns period=10.000ns})
  Path Group:             sys_clk_pin
  Path Type:              Hold (Min at Fast Process Corner)
  Requirement:            0.000ns  (sys_clk_pin rise@0.000ns - sys_clk_pin rise@0.000ns)
  Data Path Delay:        0.511ns  (logic 0.391ns (76.521%)  route 0.120ns (23.479%))
  Logic Levels:           2  (CARRY4=2)
  Clock Path Skew:        0.267ns (DCD - SCD - CPR)
    Destination Clock Delay (DCD):    1.958ns
    Source Clock Delay      (SCD):    1.447ns
    Clock Pessimism Removal (CPR):    0.244ns

    Location             Delay type                Incr(ns)  Path(ns)    Netlist Resource(s)
  -------------------------------------------------------------------    -------------------
                         (clock sys_clk_pin rise edge)
                                                      0.000     0.000 r  
    W5                                                0.000     0.000 r  clk (IN)
                         net (fo=0)                   0.000     0.000    clk
    W5                   IBUF (Prop_ibuf_I_O)         0.226     0.226 r  clk_IBUF_inst/O
                         net (fo=1, routed)           0.631     0.858    clk_IBUF
    BUFGCTRL_X0Y0        BUFG (Prop_bufg_I_O)         0.026     0.884 r  clk_IBUF_BUFG_inst/O
                         net (fo=237, routed)         0.564     1.447    u_unit_timer/CLK
    SLICE_X39Y49         FDRE                                         r  u_unit_timer/cycle_cnt_reg[11]/C
  -------------------------------------------------------------------    -------------------
    SLICE_X39Y49         FDRE (Prop_fdre_C_Q)         0.141     1.588 r  u_unit_timer/cycle_cnt_reg[11]/Q
                         net (fo=2, routed)           0.119     1.707    u_unit_timer/cycle_cnt_reg[11]
    SLICE_X39Y49         CARRY4 (Prop_carry4_S[3]_CO[3])
                                                      0.160     1.867 r  u_unit_timer/cycle_cnt_reg[8]_i_1/CO[3]
                         net (fo=1, routed)           0.001     1.868    u_unit_timer/cycle_cnt_reg[8]_i_1_n_0
    SLICE_X39Y50         CARRY4 (Prop_carry4_CI_O[3])
                                                      0.090     1.958 r  u_unit_timer/cycle_cnt_reg[12]_i_1/O[3]
                         net (fo=1, routed)           0.000     1.958    u_unit_timer/cycle_cnt_reg[12]_i_1_n_4
    SLICE_X39Y50         FDRE                                         r  u_unit_timer/cycle_cnt_reg[15]/D
  -------------------------------------------------------------------    -------------------

                         (clock sys_clk_pin rise edge)
                                                      0.000     0.000 r  
    W5                                                0.000     0.000 r  clk (IN)
                         net (fo=0)                   0.000     0.000    clk
    W5                   IBUF (Prop_ibuf_I_O)         0.414     0.414 r  clk_IBUF_inst/O
                         net (fo=1, routed)           0.685     1.099    clk_IBUF
    BUFGCTRL_X0Y0        BUFG (Prop_bufg_I_O)         0.029     1.128 r  clk_IBUF_BUFG_inst/O
                         net (fo=237, routed)         0.830     1.958    u_unit_timer/CLK
    SLICE_X39Y50         FDRE                                         r  u_unit_timer/cycle_cnt_reg[15]/C
                         clock pessimism             -0.244     1.714    
    SLICE_X39Y50         FDRE (Hold_fdre_C_D)         0.105     1.819    u_unit_timer/cycle_cnt_reg[15]
  -------------------------------------------------------------------
                         required time                         -1.819    
                         arrival time                           1.958    
  -------------------------------------------------------------------
                         slack                                  0.139    

Slack (MET) :             0.142ns  (arrival time - required time)
  Source:                 u_unit_timer/cycle_cnt_reg[11]/C
                            (rising edge-triggered cell FDRE clocked by sys_clk_pin  {rise@0.000ns fall@5.000ns period=10.000ns})
  Destination:            u_unit_timer/cycle_cnt_reg[16]/D
                            (rising edge-triggered cell FDRE clocked by sys_clk_pin  {rise@0.000ns fall@5.000ns period=10.000ns})
  Path Group:             sys_clk_pin
  Path Type:              Hold (Min at Fast Process Corner)
  Requirement:            0.000ns  (sys_clk_pin rise@0.000ns - sys_clk_pin rise@0.000ns)
  Data Path Delay:        0.514ns  (logic 0.394ns (76.658%)  route 0.120ns (23.342%))
  Logic Levels:           3  (CARRY4=3)
  Clock Path Skew:        0.267ns (DCD - SCD - CPR)
    Destination Clock Delay (DCD):    1.958ns
    Source Clock Delay      (SCD):    1.447ns
    Clock Pessimism Removal (CPR):    0.244ns

    Location             Delay type                Incr(ns)  Path(ns)    Netlist Resource(s)
  -------------------------------------------------------------------    -------------------
                         (clock sys_clk_pin rise edge)
                                                      0.000     0.000 r  
    W5                                                0.000     0.000 r  clk (IN)
                         net (fo=0)                   0.000     0.000    clk
    W5                   IBUF (Prop_ibuf_I_O)         0.226     0.226 r  clk_IBUF_inst/O
                         net (fo=1, routed)           0.631     0.858    clk_IBUF
    BUFGCTRL_X0Y0        BUFG (Prop_bufg_I_O)         0.026     0.884 r  clk_IBUF_BUFG_inst/O
                         net (fo=237, routed)         0.564     1.447    u_unit_timer/CLK
    SLICE_X39Y49         FDRE                                         r  u_unit_timer/cycle_cnt_reg[11]/C
  -------------------------------------------------------------------    -------------------
    SLICE_X39Y49         FDRE (Prop_fdre_C_Q)         0.141     1.588 r  u_unit_timer/cycle_cnt_reg[11]/Q
                         net (fo=2, routed)           0.119     1.707    u_unit_timer/cycle_cnt_reg[11]
    SLICE_X39Y49         CARRY4 (Prop_carry4_S[3]_CO[3])
                                                      0.160     1.867 r  u_unit_timer/cycle_cnt_reg[8]_i_1/CO[3]
                         net (fo=1, routed)           0.001     1.868    u_unit_timer/cycle_cnt_reg[8]_i_1_n_0
    SLICE_X39Y50         CARRY4 (Prop_carry4_CI_CO[3])
                                                      0.039     1.907 r  u_unit_timer/cycle_cnt_reg[12]_i_1/CO[3]
                         net (fo=1, routed)           0.000     1.907    u_unit_timer/cycle_cnt_reg[12]_i_1_n_0
    SLICE_X39Y51         CARRY4 (Prop_carry4_CI_O[0])
                                                      0.054     1.961 r  u_unit_timer/cycle_cnt_reg[16]_i_1/O[0]
                         net (fo=1, routed)           0.000     1.961    u_unit_timer/cycle_cnt_reg[16]_i_1_n_7
    SLICE_X39Y51         FDRE                                         r  u_unit_timer/cycle_cnt_reg[16]/D
  -------------------------------------------------------------------    -------------------

                         (clock sys_clk_pin rise edge)
                                                      0.000     0.000 r  
    W5                                                0.000     0.000 r  clk (IN)
                         net (fo=0)                   0.000     0.000    clk
    W5                   IBUF (Prop_ibuf_I_O)         0.414     0.414 r  clk_IBUF_inst/O
                         net (fo=1, routed)           0.685     1.099    clk_IBUF
    BUFGCTRL_X0Y0        BUFG (Prop_bufg_I_O)         0.029     1.128 r  clk_IBUF_BUFG_inst/O
                         net (fo=237, routed)         0.830     1.958    u_unit_timer/CLK
    SLICE_X39Y51         FDRE                                         r  u_unit_timer/cycle_cnt_reg[16]/C
                         clock pessimism             -0.244     1.714    
    SLICE_X39Y51         FDRE (Hold_fdre_C_D)         0.105     1.819    u_unit_timer/cycle_cnt_reg[16]
  -------------------------------------------------------------------
                         required time                         -1.819    
                         arrival time                           1.961    
  -------------------------------------------------------------------
                         slack                                  0.142    

Slack (MET) :             0.153ns  (arrival time - required time)
  Source:                 u_unit_timer/cycle_cnt_reg[11]/C
                            (rising edge-triggered cell FDRE clocked by sys_clk_pin  {rise@0.000ns fall@5.000ns period=10.000ns})
  Destination:            u_unit_timer/cycle_cnt_reg[18]/D
                            (rising edge-triggered cell FDRE clocked by sys_clk_pin  {rise@0.000ns fall@5.000ns period=10.000ns})
  Path Group:             sys_clk_pin
  Path Type:              Hold (Min at Fast Process Corner)
  Requirement:            0.000ns  (sys_clk_pin rise@0.000ns - sys_clk_pin rise@0.000ns)
  Data Path Delay:        0.525ns  (logic 0.405ns (77.147%)  route 0.120ns (22.853%))
  Logic Levels:           3  (CARRY4=3)
  Clock Path Skew:        0.267ns (DCD - SCD - CPR)
    Destination Clock Delay (DCD):    1.958ns
    Source Clock Delay      (SCD):    1.447ns
    Clock Pessimism Removal (CPR):    0.244ns

    Location             Delay type                Incr(ns)  Path(ns)    Netlist Resource(s)
  -------------------------------------------------------------------    -------------------
                         (clock sys_clk_pin rise edge)
                                                      0.000     0.000 r  
    W5                                                0.000     0.000 r  clk (IN)
                         net (fo=0)                   0.000     0.000    clk
    W5                   IBUF (Prop_ibuf_I_O)         0.226     0.226 r  clk_IBUF_inst/O
                         net (fo=1, routed)           0.631     0.858    clk_IBUF
    BUFGCTRL_X0Y0        BUFG (Prop_bufg_I_O)         0.026     0.884 r  clk_IBUF_BUFG_inst/O
                         net (fo=237, routed)         0.564     1.447    u_unit_timer/CLK
    SLICE_X39Y49         FDRE                                         r  u_unit_timer/cycle_cnt_reg[11]/C
  -------------------------------------------------------------------    -------------------
    SLICE_X39Y49         FDRE (Prop_fdre_C_Q)         0.141     1.588 r  u_unit_timer/cycle_cnt_reg[11]/Q
                         net (fo=2, routed)           0.119     1.707    u_unit_timer/cycle_cnt_reg[11]
    SLICE_X39Y49         CARRY4 (Prop_carry4_S[3]_CO[3])
                                                      0.160     1.867 r  u_unit_timer/cycle_cnt_reg[8]_i_1/CO[3]
                         net (fo=1, routed)           0.001     1.868    u_unit_timer/cycle_cnt_reg[8]_i_1_n_0
    SLICE_X39Y50         CARRY4 (Prop_carry4_CI_CO[3])
                                                      0.039     1.907 r  u_unit_timer/cycle_cnt_reg[12]_i_1/CO[3]
                         net (fo=1, routed)           0.000     1.907    u_unit_timer/cycle_cnt_reg[12]_i_1_n_0
    SLICE_X39Y51         CARRY4 (Prop_carry4_CI_O[2])
                                                      0.065     1.972 r  u_unit_timer/cycle_cnt_reg[16]_i_1/O[2]
                         net (fo=1, routed)           0.000     1.972    u_unit_timer/cycle_cnt_reg[16]_i_1_n_5
    SLICE_X39Y51         FDRE                                         r  u_unit_timer/cycle_cnt_reg[18]/D
  -------------------------------------------------------------------    -------------------

                         (clock sys_clk_pin rise edge)
                                                      0.000     0.000 r  
    W5                                                0.000     0.000 r  clk (IN)
                         net (fo=0)                   0.000     0.000    clk
    W5                   IBUF (Prop_ibuf_I_O)         0.414     0.414 r  clk_IBUF_inst/O
                         net (fo=1, routed)           0.685     1.099    clk_IBUF
    BUFGCTRL_X0Y0        BUFG (Prop_bufg_I_O)         0.029     1.128 r  clk_IBUF_BUFG_inst/O
                         net (fo=237, routed)         0.830     1.958    u_unit_timer/CLK
    SLICE_X39Y51         FDRE                                         r  u_unit_timer/cycle_cnt_reg[18]/C
                         clock pessimism             -0.244     1.714    
    SLICE_X39Y51         FDRE (Hold_fdre_C_D)         0.105     1.819    u_unit_timer/cycle_cnt_reg[18]
  -------------------------------------------------------------------
                         required time                         -1.819    
                         arrival time                           1.972    
  -------------------------------------------------------------------
                         slack                                  0.153    

Slack (MET) :             0.153ns  (arrival time - required time)
  Source:                 u_buzzer/FSM_sequential_state_reg[0]/C
                            (rising edge-triggered cell FDRE clocked by sys_clk_pin  {rise@0.000ns fall@5.000ns period=10.000ns})
  Destination:            u_buzzer/beep_cnt_reg[28]/D
                            (rising edge-triggered cell FDRE clocked by sys_clk_pin  {rise@0.000ns fall@5.000ns period=10.000ns})
  Path Group:             sys_clk_pin
  Path Type:              Hold (Min at Fast Process Corner)
  Requirement:            0.000ns  (sys_clk_pin rise@0.000ns - sys_clk_pin rise@0.000ns)
  Data Path Delay:        0.528ns  (logic 0.209ns (39.585%)  route 0.319ns (60.415%))
  Logic Levels:           1  (LUT4=1)
  Clock Path Skew:        0.268ns (DCD - SCD - CPR)
    Destination Clock Delay (DCD):    1.958ns
    Source Clock Delay      (SCD):    1.446ns
    Clock Pessimism Removal (CPR):    0.244ns

    Location             Delay type                Incr(ns)  Path(ns)    Netlist Resource(s)
  -------------------------------------------------------------------    -------------------
                         (clock sys_clk_pin rise edge)
                                                      0.000     0.000 r  
    W5                                                0.000     0.000 r  clk (IN)
                         net (fo=0)                   0.000     0.000    clk
    W5                   IBUF (Prop_ibuf_I_O)         0.226     0.226 r  clk_IBUF_inst/O
                         net (fo=1, routed)           0.631     0.858    clk_IBUF
    BUFGCTRL_X0Y0        BUFG (Prop_bufg_I_O)         0.026     0.884 r  clk_IBUF_BUFG_inst/O
                         net (fo=237, routed)         0.563     1.446    u_buzzer/CLK
    SLICE_X34Y49         FDRE                                         r  u_buzzer/FSM_sequential_state_reg[0]/C
  -------------------------------------------------------------------    -------------------
    SLICE_X34Y49         FDRE (Prop_fdre_C_Q)         0.164     1.610 r  u_buzzer/FSM_sequential_state_reg[0]/Q
                         net (fo=33, routed)          0.319     1.929    u_buzzer/state[0]
    SLICE_X32Y50         LUT4 (Prop_lut4_I1_O)        0.045     1.974 r  u_buzzer/beep_cnt[28]_i_2/O
                         net (fo=1, routed)           0.000     1.974    u_buzzer/beep_cnt[28]_i_2_n_0
    SLICE_X32Y50         FDRE                                         r  u_buzzer/beep_cnt_reg[28]/D
  -------------------------------------------------------------------    -------------------

                         (clock sys_clk_pin rise edge)
                                                      0.000     0.000 r  
    W5                                                0.000     0.000 r  clk (IN)
                         net (fo=0)                   0.000     0.000    clk
    W5                   IBUF (Prop_ibuf_I_O)         0.414     0.414 r  clk_IBUF_inst/O
                         net (fo=1, routed)           0.685     1.099    clk_IBUF
    BUFGCTRL_X0Y0        BUFG (Prop_bufg_I_O)         0.029     1.128 r  clk_IBUF_BUFG_inst/O
                         net (fo=237, routed)         0.830     1.958    u_buzzer/CLK
    SLICE_X32Y50         FDRE                                         r  u_buzzer/beep_cnt_reg[28]/C
                         clock pessimism             -0.244     1.714    
    SLICE_X32Y50         FDRE (Hold_fdre_C_D)         0.107     1.821    u_buzzer/beep_cnt_reg[28]
  -------------------------------------------------------------------
                         required time                         -1.821    
                         arrival time                           1.974    
  -------------------------------------------------------------------
                         slack                                  0.153    

Slack (MET) :             0.168ns  (arrival time - required time)
  Source:                 u_buzzer/FSM_sequential_state_reg[0]/C
                            (rising edge-triggered cell FDRE clocked by sys_clk_pin  {rise@0.000ns fall@5.000ns period=10.000ns})
  Destination:            u_buzzer/buzzer_out_reg/D
                            (rising edge-triggered cell FDRE clocked by sys_clk_pin  {rise@0.000ns fall@5.000ns period=10.000ns})
  Path Group:             sys_clk_pin
  Path Type:              Hold (Min at Fast Process Corner)
  Requirement:            0.000ns  (sys_clk_pin rise@0.000ns - sys_clk_pin rise@0.000ns)
  Data Path Delay:        0.555ns  (logic 0.209ns (37.680%)  route 0.346ns (62.320%))
  Logic Levels:           1  (LUT4=1)
  Clock Path Skew:        0.267ns (DCD - SCD - CPR)
    Destination Clock Delay (DCD):    1.957ns
    Source Clock Delay      (SCD):    1.446ns
    Clock Pessimism Removal (CPR):    0.244ns

    Location             Delay type                Incr(ns)  Path(ns)    Netlist Resource(s)
  -------------------------------------------------------------------    -------------------
                         (clock sys_clk_pin rise edge)
                                                      0.000     0.000 r  
    W5                                                0.000     0.000 r  clk (IN)
                         net (fo=0)                   0.000     0.000    clk
    W5                   IBUF (Prop_ibuf_I_O)         0.226     0.226 r  clk_IBUF_inst/O
                         net (fo=1, routed)           0.631     0.858    clk_IBUF
    BUFGCTRL_X0Y0        BUFG (Prop_bufg_I_O)         0.026     0.884 r  clk_IBUF_BUFG_inst/O
                         net (fo=237, routed)         0.563     1.446    u_buzzer/CLK
    SLICE_X34Y49         FDRE                                         r  u_buzzer/FSM_sequential_state_reg[0]/C
  -------------------------------------------------------------------    -------------------
    SLICE_X34Y49         FDRE (Prop_fdre_C_Q)         0.164     1.610 f  u_buzzer/FSM_sequential_state_reg[0]/Q
                         net (fo=33, routed)          0.346     1.956    u_buzzer/state[0]
    SLICE_X34Y50         LUT4 (Prop_lut4_I1_O)        0.045     2.001 r  u_buzzer/buzzer_out_i_1/O
                         net (fo=1, routed)           0.000     2.001    u_buzzer/buzzer_out_i_1_n_0
    SLICE_X34Y50         FDRE                                         r  u_buzzer/buzzer_out_reg/D
  -------------------------------------------------------------------    -------------------

                         (clock sys_clk_pin rise edge)
                                                      0.000     0.000 r  
    W5                                                0.000     0.000 r  clk (IN)
                         net (fo=0)                   0.000     0.000    clk
    W5                   IBUF (Prop_ibuf_I_O)         0.414     0.414 r  clk_IBUF_inst/O
                         net (fo=1, routed)           0.685     1.099    clk_IBUF
    BUFGCTRL_X0Y0        BUFG (Prop_bufg_I_O)         0.029     1.128 r  clk_IBUF_BUFG_inst/O
                         net (fo=237, routed)         0.829     1.957    u_buzzer/CLK
    SLICE_X34Y50         FDRE                                         r  u_buzzer/buzzer_out_reg/C
                         clock pessimism             -0.244     1.713    
    SLICE_X34Y50         FDRE (Hold_fdre_C_D)         0.120     1.833    u_buzzer/buzzer_out_reg
  -------------------------------------------------------------------
                         required time                         -1.833    
                         arrival time                           2.001    
  -------------------------------------------------------------------
                         slack                                  0.168    





Pulse Width Checks
--------------------------------------------------------------------------------------
Clock Name:         sys_clk_pin
Waveform(ns):       { 0.000 5.000 }
Period(ns):         10.000
Sources:            { clk }

Check Type        Corner  Lib Pin  Reference Pin  Required(ns)  Actual(ns)  Slack(ns)  Location       Pin
Min Period        n/a     BUFG/I   n/a            2.155         10.000      7.845      BUFGCTRL_X0Y0  clk_IBUF_BUFG_inst/I
Min Period        n/a     FDRE/C   n/a            1.000         10.000      9.000      SLICE_X55Y58   start_pulse_reg/C
Min Period        n/a     FDRE/C   n/a            1.000         10.000      9.000      SLICE_X54Y53   trigger_cnt_reg[0]/C
Min Period        n/a     FDRE/C   n/a            1.000         10.000      9.000      SLICE_X54Y55   trigger_cnt_reg[10]/C
Min Period        n/a     FDRE/C   n/a            1.000         10.000      9.000      SLICE_X54Y55   trigger_cnt_reg[11]/C
Min Period        n/a     FDRE/C   n/a            1.000         10.000      9.000      SLICE_X54Y56   trigger_cnt_reg[12]/C
Min Period        n/a     FDRE/C   n/a            1.000         10.000      9.000      SLICE_X54Y56   trigger_cnt_reg[13]/C
Min Period        n/a     FDRE/C   n/a            1.000         10.000      9.000      SLICE_X54Y56   trigger_cnt_reg[14]/C
Min Period        n/a     FDRE/C   n/a            1.000         10.000      9.000      SLICE_X54Y56   trigger_cnt_reg[15]/C
Min Period        n/a     FDRE/C   n/a            1.000         10.000      9.000      SLICE_X54Y57   trigger_cnt_reg[16]/C
Low Pulse Width   Slow    FDRE/C   n/a            0.500         5.000       4.500      SLICE_X55Y58   start_pulse_reg/C
Low Pulse Width   Fast    FDRE/C   n/a            0.500         5.000       4.500      SLICE_X55Y58   start_pulse_reg/C
Low Pulse Width   Slow    FDRE/C   n/a            0.500         5.000       4.500      SLICE_X54Y53   trigger_cnt_reg[0]/C
Low Pulse Width   Fast    FDRE/C   n/a            0.500         5.000       4.500      SLICE_X54Y53   trigger_cnt_reg[0]/C
Low Pulse Width   Slow    FDRE/C   n/a            0.500         5.000       4.500      SLICE_X54Y55   trigger_cnt_reg[10]/C
Low Pulse Width   Fast    FDRE/C   n/a            0.500         5.000       4.500      SLICE_X54Y55   trigger_cnt_reg[10]/C
Low Pulse Width   Slow    FDRE/C   n/a            0.500         5.000       4.500      SLICE_X54Y55   trigger_cnt_reg[11]/C
Low Pulse Width   Fast    FDRE/C   n/a            0.500         5.000       4.500      SLICE_X54Y55   trigger_cnt_reg[11]/C
Low Pulse Width   Slow    FDRE/C   n/a            0.500         5.000       4.500      SLICE_X54Y56   trigger_cnt_reg[12]/C
Low Pulse Width   Fast    FDRE/C   n/a            0.500         5.000       4.500      SLICE_X54Y56   trigger_cnt_reg[12]/C
High Pulse Width  Slow    FDRE/C   n/a            0.500         5.000       4.500      SLICE_X55Y58   start_pulse_reg/C
High Pulse Width  Fast    FDRE/C   n/a            0.500         5.000       4.500      SLICE_X55Y58   start_pulse_reg/C
High Pulse Width  Slow    FDRE/C   n/a            0.500         5.000       4.500      SLICE_X54Y53   trigger_cnt_reg[0]/C
High Pulse Width  Fast    FDRE/C   n/a            0.500         5.000       4.500      SLICE_X54Y53   trigger_cnt_reg[0]/C
High Pulse Width  Slow    FDRE/C   n/a            0.500         5.000       4.500      SLICE_X54Y55   trigger_cnt_reg[10]/C
High Pulse Width  Fast    FDRE/C   n/a            0.500         5.000       4.500      SLICE_X54Y55   trigger_cnt_reg[10]/C
High Pulse Width  Slow    FDRE/C   n/a            0.500         5.000       4.500      SLICE_X54Y55   trigger_cnt_reg[11]/C
High Pulse Width  Fast    FDRE/C   n/a            0.500         5.000       4.500      SLICE_X54Y55   trigger_cnt_reg[11]/C
High Pulse Width  Slow    FDRE/C   n/a            0.500         5.000       4.500      SLICE_X54Y56   trigger_cnt_reg[12]/C
High Pulse Width  Fast    FDRE/C   n/a            0.500         5.000       4.500      SLICE_X54Y56   trigger_cnt_reg[12]/C



--------------------------------------------------------------------------------------
Path Group:  (none)
From Clock:  sys_clk_pin
  To Clock:  

Max Delay            15 Endpoints
Min Delay            15 Endpoints
--------------------------------------------------------------------------------------


Max Delay Paths
--------------------------------------------------------------------------------------
Slack:                    inf
  Source:                 u_dht11/temperature_reg[0]/C
                            (rising edge-triggered cell FDRE clocked by sys_clk_pin  {rise@0.000ns fall@5.000ns period=10.000ns})
  Destination:            seg[4]
                            (output port)
  Path Group:             (none)
  Path Type:              Max at Slow Process Corner
  Data Path Delay:        33.220ns  (logic 12.363ns (37.215%)  route 20.857ns (62.785%))
  Logic Levels:           29  (CARRY4=10 LUT2=3 LUT3=2 LUT5=4 LUT6=9 OBUF=1)
  Clock Uncertainty:      0.025ns  ((TSJ^2 + TIJ^2)^1/2 + DJ) / 2 + PE
    Total System Jitter     (TSJ):    0.050ns
    Total Input Jitter      (TIJ):    0.000ns
    Discrete Jitter          (DJ):    0.000ns
    Phase Error              (PE):    0.000ns

    Location             Delay type                Incr(ns)  Path(ns)    Netlist Resource(s)
  -------------------------------------------------------------------    -------------------
                         (clock sys_clk_pin rise edge)
                                                      0.000     0.000 r  
    W5                                                0.000     0.000 r  clk (IN)
                         net (fo=0)                   0.000     0.000    clk
    W5                   IBUF (Prop_ibuf_I_O)         1.458     1.458 r  clk_IBUF_inst/O
                         net (fo=1, routed)           1.967     3.425    clk_IBUF
    BUFGCTRL_X0Y0        BUFG (Prop_bufg_I_O)         0.096     3.521 r  clk_IBUF_BUFG_inst/O
                         net (fo=237, routed)         1.558     5.079    u_dht11/CLK
    SLICE_X49Y55         FDRE                                         r  u_dht11/temperature_reg[0]/C
  -------------------------------------------------------------------    -------------------
    SLICE_X49Y55         FDRE (Prop_fdre_C_Q)         0.456     5.535 r  u_dht11/temperature_reg[0]/Q
                         net (fo=12, routed)          0.980     6.515    u_alu/temperature[0]
    SLICE_X50Y53         LUT2 (Prop_lut2_I1_O)        0.124     6.639 r  u_alu/hundreds_carry_i_14/O
                         net (fo=1, routed)           0.000     6.639    u_dht11/hundreds_carry_i_6_0[0]
    SLICE_X50Y53         CARRY4 (Prop_carry4_S[1]_CO[3])
                                                      0.533     7.172 r  u_dht11/hundreds_carry_i_8/CO[3]
                         net (fo=1, routed)           0.000     7.172    u_dht11/hundreds_carry_i_8_n_0
    SLICE_X50Y54         CARRY4 (Prop_carry4_CI_O[3])
                                                      0.315     7.487 r  u_dht11/hundreds_carry__2_i_7/O[3]
                         net (fo=7, routed)           0.903     8.390    u_dht11/u_alu/celsius_x9[9]
    SLICE_X51Y54         LUT6 (Prop_lut6_I2_O)        0.307     8.697 r  u_dht11/hundreds_carry__1_i_14/O
                         net (fo=8, routed)           0.677     9.375    u_dht11/u_alu/fahrenheit_val0__260[6]
    SLICE_X52Y53         LUT6 (Prop_lut6_I3_O)        0.124     9.499 r  u_dht11/hundreds_carry__0_i_19/O
                         net (fo=1, routed)           0.670    10.169    u_dht11/hundreds_carry__0_i_19_n_0
    SLICE_X52Y53         LUT6 (Prop_lut6_I4_O)        0.124    10.293 r  u_dht11/hundreds_carry__0_i_13/O
                         net (fo=5, routed)           1.182    11.474    u_dht11/u_alu/fahrenheit_val0__260[2]
    SLICE_X49Y52         LUT6 (Prop_lut6_I3_O)        0.124    11.598 r  u_dht11/hundreds_carry__0_i_14/O
                         net (fo=3, routed)           0.659    12.257    u_dht11/u_alu/fahrenheit_val0__260[1]
    SLICE_X48Y52         LUT5 (Prop_lut5_I2_O)        0.152    12.409 r  u_dht11/hundreds_carry__0_i_4/O
                         net (fo=31, routed)          1.531    13.940    u_dht11/display_value[1]
    SLICE_X44Y50         LUT2 (Prop_lut2_I0_O)        0.332    14.272 r  u_dht11/hundreds_carry__0_i_8/O
                         net (fo=1, routed)           0.000    14.272    u_ssd/hundreds__29_carry_i_2[0]
    SLICE_X44Y50         CARRY4 (Prop_carry4_S[0]_CO[3])
                                                      0.532    14.804 r  u_ssd/hundreds_carry__0/CO[3]
                         net (fo=1, routed)           0.000    14.804    u_ssd/hundreds_carry__0_n_0
    SLICE_X44Y51         CARRY4 (Prop_carry4_CI_O[1])
                                                      0.334    15.138 r  u_ssd/hundreds_carry__1/O[1]
                         net (fo=3, routed)           1.005    16.143    u_dht11/hundreds__29_carry__1_i_7_0[1]
    SLICE_X46Y54         LUT3 (Prop_lut3_I0_O)        0.303    16.446 r  u_dht11/hundreds__29_carry__1_i_11/O
                         net (fo=3, routed)           0.858    17.304    u_dht11/hundreds__29_carry__1_i_11_n_0
    SLICE_X47Y54         LUT5 (Prop_lut5_I4_O)        0.154    17.458 r  u_dht11/hundreds__29_carry__1_i_3/O
                         net (fo=1, routed)           0.611    18.069    u_ssd/hundreds__29_carry__2_1[1]
    SLICE_X44Y55         CARRY4 (Prop_carry4_DI[1]_CO[3])
                                                      0.710    18.779 r  u_ssd/hundreds__29_carry__1/CO[3]
                         net (fo=1, routed)           0.000    18.779    u_ssd/hundreds__29_carry__1_n_0
    SLICE_X44Y56         CARRY4 (Prop_carry4_CI_O[3])
                                                      0.313    19.092 r  u_ssd/hundreds__29_carry__2/O[3]
                         net (fo=16, routed)          1.502    20.594    u_ssd/hundreds__29_carry__2_i_8[1]
    SLICE_X42Y58         LUT3 (Prop_lut3_I2_O)        0.332    20.926 r  u_ssd/hundreds__82_carry__0_i_4/O
                         net (fo=1, routed)           0.382    21.308    u_ssd/hundreds__82_carry__0_i_4_n_0
    SLICE_X43Y58         CARRY4 (Prop_carry4_DI[0]_CO[3])
                                                      0.730    22.038 r  u_ssd/hundreds__82_carry__0/CO[3]
                         net (fo=1, routed)           0.000    22.038    u_ssd/hundreds__82_carry__0_n_0
    SLICE_X43Y59         CARRY4 (Prop_carry4_CI_O[1])
                                                      0.334    22.372 r  u_ssd/hundreds__82_carry__1/O[1]
                         net (fo=3, routed)           1.135    23.507    u_dht11/hundreds__112_carry__2[1]
    SLICE_X42Y56         LUT2 (Prop_lut2_I1_O)        0.303    23.810 r  u_dht11/hundreds__112_carry__1_i_2/O
                         net (fo=1, routed)           0.000    23.810    u_ssd/hundreds__112_carry__2_0[0]
    SLICE_X42Y56         CARRY4 (Prop_carry4_S[3]_CO[3])
                                                      0.376    24.186 r  u_ssd/hundreds__112_carry__1/CO[3]
                         net (fo=1, routed)           0.000    24.186    u_ssd/hundreds__112_carry__1_n_0
    SLICE_X42Y57         CARRY4 (Prop_carry4_CI_CO[0])
                                                      0.254    24.440 r  u_ssd/hundreds__112_carry__2/CO[0]
                         net (fo=10, routed)          1.003    25.444    u_ssd/hundreds__112_carry__2_i_1[0]
    SLICE_X40Y56         LUT5 (Prop_lut5_I2_O)        0.395    25.839 f  u_ssd/seg_OBUF[6]_inst_i_15/O
                         net (fo=3, routed)           0.833    26.672    u_dht11/seg_OBUF[3]_inst_i_7
    SLICE_X39Y56         LUT6 (Prop_lut6_I1_O)        0.326    26.998 r  u_dht11/seg_OBUF[3]_inst_i_11/O
                         net (fo=1, routed)           0.154    27.152    u_ssd/seg_OBUF[2]_inst_i_4_1
    SLICE_X39Y56         LUT6 (Prop_lut6_I1_O)        0.124    27.276 r  u_ssd/seg_OBUF[3]_inst_i_7/O
                         net (fo=3, routed)           0.955    28.231    u_ssd/seg_OBUF[3]_inst_i_7_n_0
    SLICE_X37Y54         LUT5 (Prop_lut5_I4_O)        0.152    28.383 r  u_ssd/seg_OBUF[6]_inst_i_11/O
                         net (fo=3, routed)           1.115    29.497    u_dht11/seg_OBUF[4]_inst_i_2
    SLICE_X40Y55         LUT6 (Prop_lut6_I2_O)        0.332    29.829 r  u_dht11/seg_OBUF[4]_inst_i_6/O
                         net (fo=1, routed)           0.433    30.263    u_ssd/seg_OBUF[4]_inst_i_1_0
    SLICE_X40Y55         LUT6 (Prop_lut6_I0_O)        0.124    30.387 r  u_ssd/seg_OBUF[4]_inst_i_2/O
                         net (fo=1, routed)           0.641    31.028    u_ssd/seg_OBUF[4]_inst_i_2_n_0
    SLICE_X41Y53         LUT6 (Prop_lut6_I0_O)        0.124    31.152 r  u_ssd/seg_OBUF[4]_inst_i_1/O
                         net (fo=1, routed)           3.627    34.779    seg_OBUF[4]
    U5                   OBUF (Prop_obuf_I_O)         3.520    38.299 r  seg_OBUF[4]_inst/O
                         net (fo=0)                   0.000    38.299    seg[4]
    U5                                                                r  seg[4] (OUT)
  -------------------------------------------------------------------    -------------------

Slack:                    inf
  Source:                 u_dht11/temperature_reg[0]/C
                            (rising edge-triggered cell FDRE clocked by sys_clk_pin  {rise@0.000ns fall@5.000ns period=10.000ns})
  Destination:            seg[6]
                            (output port)
  Path Group:             (none)
  Path Type:              Max at Slow Process Corner
  Data Path Delay:        32.476ns  (logic 12.449ns (38.334%)  route 20.027ns (61.666%))
  Logic Levels:           28  (CARRY4=10 LUT2=3 LUT3=2 LUT5=5 LUT6=7 OBUF=1)
  Clock Uncertainty:      0.025ns  ((TSJ^2 + TIJ^2)^1/2 + DJ) / 2 + PE
    Total System Jitter     (TSJ):    0.050ns
    Total Input Jitter      (TIJ):    0.000ns
    Discrete Jitter          (DJ):    0.000ns
    Phase Error              (PE):    0.000ns

    Location             Delay type                Incr(ns)  Path(ns)    Netlist Resource(s)
  -------------------------------------------------------------------    -------------------
                         (clock sys_clk_pin rise edge)
                                                      0.000     0.000 r  
    W5                                                0.000     0.000 r  clk (IN)
                         net (fo=0)                   0.000     0.000    clk
    W5                   IBUF (Prop_ibuf_I_O)         1.458     1.458 r  clk_IBUF_inst/O
                         net (fo=1, routed)           1.967     3.425    clk_IBUF
    BUFGCTRL_X0Y0        BUFG (Prop_bufg_I_O)         0.096     3.521 r  clk_IBUF_BUFG_inst/O
                         net (fo=237, routed)         1.558     5.079    u_dht11/CLK
    SLICE_X49Y55         FDRE                                         r  u_dht11/temperature_reg[0]/C
  -------------------------------------------------------------------    -------------------
    SLICE_X49Y55         FDRE (Prop_fdre_C_Q)         0.456     5.535 r  u_dht11/temperature_reg[0]/Q
                         net (fo=12, routed)          0.980     6.515    u_alu/temperature[0]
    SLICE_X50Y53         LUT2 (Prop_lut2_I1_O)        0.124     6.639 r  u_alu/hundreds_carry_i_14/O
                         net (fo=1, routed)           0.000     6.639    u_dht11/hundreds_carry_i_6_0[0]
    SLICE_X50Y53         CARRY4 (Prop_carry4_S[1]_CO[3])
                                                      0.533     7.172 r  u_dht11/hundreds_carry_i_8/CO[3]
                         net (fo=1, routed)           0.000     7.172    u_dht11/hundreds_carry_i_8_n_0
    SLICE_X50Y54         CARRY4 (Prop_carry4_CI_O[3])
                                                      0.315     7.487 r  u_dht11/hundreds_carry__2_i_7/O[3]
                         net (fo=7, routed)           0.903     8.390    u_dht11/u_alu/celsius_x9[9]
    SLICE_X51Y54         LUT6 (Prop_lut6_I2_O)        0.307     8.697 r  u_dht11/hundreds_carry__1_i_14/O
                         net (fo=8, routed)           0.677     9.375    u_dht11/u_alu/fahrenheit_val0__260[6]
    SLICE_X52Y53         LUT6 (Prop_lut6_I3_O)        0.124     9.499 r  u_dht11/hundreds_carry__0_i_19/O
                         net (fo=1, routed)           0.670    10.169    u_dht11/hundreds_carry__0_i_19_n_0
    SLICE_X52Y53         LUT6 (Prop_lut6_I4_O)        0.124    10.293 r  u_dht11/hundreds_carry__0_i_13/O
                         net (fo=5, routed)           1.182    11.474    u_dht11/u_alu/fahrenheit_val0__260[2]
    SLICE_X49Y52         LUT6 (Prop_lut6_I3_O)        0.124    11.598 r  u_dht11/hundreds_carry__0_i_14/O
                         net (fo=3, routed)           0.659    12.257    u_dht11/u_alu/fahrenheit_val0__260[1]
    SLICE_X48Y52         LUT5 (Prop_lut5_I2_O)        0.152    12.409 r  u_dht11/hundreds_carry__0_i_4/O
                         net (fo=31, routed)          1.531    13.940    u_dht11/display_value[1]
    SLICE_X44Y50         LUT2 (Prop_lut2_I0_O)        0.332    14.272 r  u_dht11/hundreds_carry__0_i_8/O
                         net (fo=1, routed)           0.000    14.272    u_ssd/hundreds__29_carry_i_2[0]
    SLICE_X44Y50         CARRY4 (Prop_carry4_S[0]_CO[3])
                                                      0.532    14.804 r  u_ssd/hundreds_carry__0/CO[3]
                         net (fo=1, routed)           0.000    14.804    u_ssd/hundreds_carry__0_n_0
    SLICE_X44Y51         CARRY4 (Prop_carry4_CI_O[1])
                                                      0.334    15.138 r  u_ssd/hundreds_carry__1/O[1]
                         net (fo=3, routed)           1.005    16.143    u_dht11/hundreds__29_carry__1_i_7_0[1]
    SLICE_X46Y54         LUT3 (Prop_lut3_I0_O)        0.303    16.446 r  u_dht11/hundreds__29_carry__1_i_11/O
                         net (fo=3, routed)           0.858    17.304    u_dht11/hundreds__29_carry__1_i_11_n_0
    SLICE_X47Y54         LUT5 (Prop_lut5_I4_O)        0.154    17.458 r  u_dht11/hundreds__29_carry__1_i_3/O
                         net (fo=1, routed)           0.611    18.069    u_ssd/hundreds__29_carry__2_1[1]
    SLICE_X44Y55         CARRY4 (Prop_carry4_DI[1]_CO[3])
                                                      0.710    18.779 r  u_ssd/hundreds__29_carry__1/CO[3]
                         net (fo=1, routed)           0.000    18.779    u_ssd/hundreds__29_carry__1_n_0
    SLICE_X44Y56         CARRY4 (Prop_carry4_CI_O[3])
                                                      0.313    19.092 r  u_ssd/hundreds__29_carry__2/O[3]
                         net (fo=16, routed)          1.502    20.594    u_ssd/hundreds__29_carry__2_i_8[1]
    SLICE_X42Y58         LUT3 (Prop_lut3_I2_O)        0.332    20.926 r  u_ssd/hundreds__82_carry__0_i_4/O
                         net (fo=1, routed)           0.382    21.308    u_ssd/hundreds__82_carry__0_i_4_n_0
    SLICE_X43Y58         CARRY4 (Prop_carry4_DI[0]_CO[3])
                                                      0.730    22.038 r  u_ssd/hundreds__82_carry__0/CO[3]
                         net (fo=1, routed)           0.000    22.038    u_ssd/hundreds__82_carry__0_n_0
    SLICE_X43Y59         CARRY4 (Prop_carry4_CI_O[1])
                                                      0.334    22.372 r  u_ssd/hundreds__82_carry__1/O[1]
                         net (fo=3, routed)           1.135    23.507    u_dht11/hundreds__112_carry__2[1]
    SLICE_X42Y56         LUT2 (Prop_lut2_I1_O)        0.303    23.810 r  u_dht11/hundreds__112_carry__1_i_2/O
                         net (fo=1, routed)           0.000    23.810    u_ssd/hundreds__112_carry__2_0[0]
    SLICE_X42Y56         CARRY4 (Prop_carry4_S[3]_CO[3])
                                                      0.376    24.186 r  u_ssd/hundreds__112_carry__1/CO[3]
                         net (fo=1, routed)           0.000    24.186    u_ssd/hundreds__112_carry__1_n_0
    SLICE_X42Y57         CARRY4 (Prop_carry4_CI_CO[0])
                                                      0.254    24.440 r  u_ssd/hundreds__112_carry__2/CO[0]
                         net (fo=10, routed)          1.003    25.444    u_ssd/hundreds__112_carry__2_i_1[0]
    SLICE_X40Y56         LUT5 (Prop_lut5_I2_O)        0.395    25.839 f  u_ssd/seg_OBUF[6]_inst_i_15/O
                         net (fo=3, routed)           0.833    26.672    u_dht11/seg_OBUF[3]_inst_i_7
    SLICE_X39Y56         LUT6 (Prop_lut6_I1_O)        0.326    26.998 r  u_dht11/seg_OBUF[3]_inst_i_11/O
                         net (fo=1, routed)           0.154    27.152    u_ssd/seg_OBUF[2]_inst_i_4_1
    SLICE_X39Y56         LUT6 (Prop_lut6_I1_O)        0.124    27.276 r  u_ssd/seg_OBUF[3]_inst_i_7/O
                         net (fo=3, routed)           0.955    28.231    u_ssd/seg_OBUF[3]_inst_i_7_n_0
    SLICE_X37Y54         LUT5 (Prop_lut5_I4_O)        0.152    28.383 r  u_ssd/seg_OBUF[6]_inst_i_11/O
                         net (fo=3, routed)           0.282    28.665    u_ssd/unit_sel_reg[0]_5
    SLICE_X37Y54         LUT5 (Prop_lut5_I4_O)        0.328    28.993 r  u_ssd/seg_OBUF[6]_inst_i_3/O
                         net (fo=1, routed)           0.818    29.811    u_dht11/seg[6]
    SLICE_X38Y55         LUT6 (Prop_lut6_I1_O)        0.327    30.138 r  u_dht11/seg_OBUF[6]_inst_i_1/O
                         net (fo=1, routed)           3.885    34.023    seg_OBUF[6]
    U7                   OBUF (Prop_obuf_I_O)         3.531    37.555 r  seg_OBUF[6]_inst/O
                         net (fo=0)                   0.000    37.555    seg[6]
    U7                                                                r  seg[6] (OUT)
  -------------------------------------------------------------------    -------------------

Slack:                    inf
  Source:                 u_dht11/temperature_reg[0]/C
                            (rising edge-triggered cell FDRE clocked by sys_clk_pin  {rise@0.000ns fall@5.000ns period=10.000ns})
  Destination:            seg[5]
                            (output port)
  Path Group:             (none)
  Path Type:              Max at Slow Process Corner
  Data Path Delay:        31.900ns  (logic 12.223ns (38.318%)  route 19.677ns (61.682%))
  Logic Levels:           28  (CARRY4=10 LUT2=3 LUT3=2 LUT5=5 LUT6=7 OBUF=1)
  Clock Uncertainty:      0.025ns  ((TSJ^2 + TIJ^2)^1/2 + DJ) / 2 + PE
    Total System Jitter     (TSJ):    0.050ns
    Total Input Jitter      (TIJ):    0.000ns
    Discrete Jitter          (DJ):    0.000ns
    Phase Error              (PE):    0.000ns

    Location             Delay type                Incr(ns)  Path(ns)    Netlist Resource(s)
  -------------------------------------------------------------------    -------------------
                         (clock sys_clk_pin rise edge)
                                                      0.000     0.000 r  
    W5                                                0.000     0.000 r  clk (IN)
                         net (fo=0)                   0.000     0.000    clk
    W5                   IBUF (Prop_ibuf_I_O)         1.458     1.458 r  clk_IBUF_inst/O
                         net (fo=1, routed)           1.967     3.425    clk_IBUF
    BUFGCTRL_X0Y0        BUFG (Prop_bufg_I_O)         0.096     3.521 r  clk_IBUF_BUFG_inst/O
                         net (fo=237, routed)         1.558     5.079    u_dht11/CLK
    SLICE_X49Y55         FDRE                                         r  u_dht11/temperature_reg[0]/C
  -------------------------------------------------------------------    -------------------
    SLICE_X49Y55         FDRE (Prop_fdre_C_Q)         0.456     5.535 r  u_dht11/temperature_reg[0]/Q
                         net (fo=12, routed)          0.980     6.515    u_alu/temperature[0]
    SLICE_X50Y53         LUT2 (Prop_lut2_I1_O)        0.124     6.639 r  u_alu/hundreds_carry_i_14/O
                         net (fo=1, routed)           0.000     6.639    u_dht11/hundreds_carry_i_6_0[0]
    SLICE_X50Y53         CARRY4 (Prop_carry4_S[1]_CO[3])
                                                      0.533     7.172 r  u_dht11/hundreds_carry_i_8/CO[3]
                         net (fo=1, routed)           0.000     7.172    u_dht11/hundreds_carry_i_8_n_0
    SLICE_X50Y54         CARRY4 (Prop_carry4_CI_O[3])
                                                      0.315     7.487 r  u_dht11/hundreds_carry__2_i_7/O[3]
                         net (fo=7, routed)           0.903     8.390    u_dht11/u_alu/celsius_x9[9]
    SLICE_X51Y54         LUT6 (Prop_lut6_I2_O)        0.307     8.697 r  u_dht11/hundreds_carry__1_i_14/O
                         net (fo=8, routed)           0.677     9.375    u_dht11/u_alu/fahrenheit_val0__260[6]
    SLICE_X52Y53         LUT6 (Prop_lut6_I3_O)        0.124     9.499 r  u_dht11/hundreds_carry__0_i_19/O
                         net (fo=1, routed)           0.670    10.169    u_dht11/hundreds_carry__0_i_19_n_0
    SLICE_X52Y53         LUT6 (Prop_lut6_I4_O)        0.124    10.293 r  u_dht11/hundreds_carry__0_i_13/O
                         net (fo=5, routed)           1.182    11.474    u_dht11/u_alu/fahrenheit_val0__260[2]
    SLICE_X49Y52         LUT6 (Prop_lut6_I3_O)        0.124    11.598 r  u_dht11/hundreds_carry__0_i_14/O
                         net (fo=3, routed)           0.659    12.257    u_dht11/u_alu/fahrenheit_val0__260[1]
    SLICE_X48Y52         LUT5 (Prop_lut5_I2_O)        0.152    12.409 r  u_dht11/hundreds_carry__0_i_4/O
                         net (fo=31, routed)          1.531    13.940    u_dht11/display_value[1]
    SLICE_X44Y50         LUT2 (Prop_lut2_I0_O)        0.332    14.272 r  u_dht11/hundreds_carry__0_i_8/O
                         net (fo=1, routed)           0.000    14.272    u_ssd/hundreds__29_carry_i_2[0]
    SLICE_X44Y50         CARRY4 (Prop_carry4_S[0]_CO[3])
                                                      0.532    14.804 r  u_ssd/hundreds_carry__0/CO[3]
                         net (fo=1, routed)           0.000    14.804    u_ssd/hundreds_carry__0_n_0
    SLICE_X44Y51         CARRY4 (Prop_carry4_CI_O[1])
                                                      0.334    15.138 r  u_ssd/hundreds_carry__1/O[1]
                         net (fo=3, routed)           1.005    16.143    u_dht11/hundreds__29_carry__1_i_7_0[1]
    SLICE_X46Y54         LUT3 (Prop_lut3_I0_O)        0.303    16.446 r  u_dht11/hundreds__29_carry__1_i_11/O
                         net (fo=3, routed)           0.858    17.304    u_dht11/hundreds__29_carry__1_i_11_n_0
    SLICE_X47Y54         LUT5 (Prop_lut5_I4_O)        0.154    17.458 r  u_dht11/hundreds__29_carry__1_i_3/O
                         net (fo=1, routed)           0.611    18.069    u_ssd/hundreds__29_carry__2_1[1]
    SLICE_X44Y55         CARRY4 (Prop_carry4_DI[1]_CO[3])
                                                      0.710    18.779 r  u_ssd/hundreds__29_carry__1/CO[3]
                         net (fo=1, routed)           0.000    18.779    u_ssd/hundreds__29_carry__1_n_0
    SLICE_X44Y56         CARRY4 (Prop_carry4_CI_O[3])
                                                      0.313    19.092 r  u_ssd/hundreds__29_carry__2/O[3]
                         net (fo=16, routed)          1.502    20.594    u_ssd/hundreds__29_carry__2_i_8[1]
    SLICE_X42Y58         LUT3 (Prop_lut3_I2_O)        0.332    20.926 r  u_ssd/hundreds__82_carry__0_i_4/O
                         net (fo=1, routed)           0.382    21.308    u_ssd/hundreds__82_carry__0_i_4_n_0
    SLICE_X43Y58         CARRY4 (Prop_carry4_DI[0]_CO[3])
                                                      0.730    22.038 r  u_ssd/hundreds__82_carry__0/CO[3]
                         net (fo=1, routed)           0.000    22.038    u_ssd/hundreds__82_carry__0_n_0
    SLICE_X43Y59         CARRY4 (Prop_carry4_CI_O[1])
                                                      0.334    22.372 r  u_ssd/hundreds__82_carry__1/O[1]
                         net (fo=3, routed)           1.135    23.507    u_dht11/hundreds__112_carry__2[1]
    SLICE_X42Y56         LUT2 (Prop_lut2_I1_O)        0.303    23.810 r  u_dht11/hundreds__112_carry__1_i_2/O
                         net (fo=1, routed)           0.000    23.810    u_ssd/hundreds__112_carry__2_0[0]
    SLICE_X42Y56         CARRY4 (Prop_carry4_S[3]_CO[3])
                                                      0.376    24.186 r  u_ssd/hundreds__112_carry__1/CO[3]
                         net (fo=1, routed)           0.000    24.186    u_ssd/hundreds__112_carry__1_n_0
    SLICE_X42Y57         CARRY4 (Prop_carry4_CI_CO[0])
                                                      0.254    24.440 r  u_ssd/hundreds__112_carry__2/CO[0]
                         net (fo=10, routed)          1.003    25.444    u_ssd/hundreds__112_carry__2_i_1[0]
    SLICE_X40Y56         LUT5 (Prop_lut5_I2_O)        0.395    25.839 f  u_ssd/seg_OBUF[6]_inst_i_15/O
                         net (fo=3, routed)           0.833    26.672    u_dht11/seg_OBUF[3]_inst_i_7
    SLICE_X39Y56         LUT6 (Prop_lut6_I1_O)        0.326    26.998 r  u_dht11/seg_OBUF[3]_inst_i_11/O
                         net (fo=1, routed)           0.154    27.152    u_ssd/seg_OBUF[2]_inst_i_4_1
    SLICE_X39Y56         LUT6 (Prop_lut6_I1_O)        0.124    27.276 r  u_ssd/seg_OBUF[3]_inst_i_7/O
                         net (fo=3, routed)           0.955    28.231    u_ssd/seg_OBUF[3]_inst_i_7_n_0
    SLICE_X37Y54         LUT5 (Prop_lut5_I4_O)        0.152    28.383 r  u_ssd/seg_OBUF[6]_inst_i_11/O
                         net (fo=3, routed)           0.568    28.951    u_ssd/unit_sel_reg[0]_5
    SLICE_X39Y55         LUT6 (Prop_lut6_I4_O)        0.332    29.283 r  u_ssd/seg_OBUF[5]_inst_i_2/O
                         net (fo=1, routed)           0.572    29.855    u_dht11/seg[5]
    SLICE_X40Y53         LUT5 (Prop_lut5_I0_O)        0.124    29.979 r  u_dht11/seg_OBUF[5]_inst_i_1/O
                         net (fo=1, routed)           3.496    33.475    seg_OBUF[5]
    V5                   OBUF (Prop_obuf_I_O)         3.504    36.979 r  seg_OBUF[5]_inst/O
                         net (fo=0)                   0.000    36.979    seg[5]
    V5                                                                r  seg[5] (OUT)
  -------------------------------------------------------------------    -------------------

Slack:                    inf
  Source:                 u_dht11/temperature_reg[0]/C
                            (rising edge-triggered cell FDRE clocked by sys_clk_pin  {rise@0.000ns fall@5.000ns period=10.000ns})
  Destination:            seg[2]
                            (output port)
  Path Group:             (none)
  Path Type:              Max at Slow Process Corner
  Data Path Delay:        31.128ns  (logic 11.894ns (38.210%)  route 19.234ns (61.790%))
  Logic Levels:           27  (CARRY4=10 LUT2=3 LUT3=2 LUT5=4 LUT6=7 OBUF=1)
  Clock Uncertainty:      0.025ns  ((TSJ^2 + TIJ^2)^1/2 + DJ) / 2 + PE
    Total System Jitter     (TSJ):    0.050ns
    Total Input Jitter      (TIJ):    0.000ns
    Discrete Jitter          (DJ):    0.000ns
    Phase Error              (PE):    0.000ns

    Location             Delay type                Incr(ns)  Path(ns)    Netlist Resource(s)
  -------------------------------------------------------------------    -------------------
                         (clock sys_clk_pin rise edge)
                                                      0.000     0.000 r  
    W5                                                0.000     0.000 r  clk (IN)
                         net (fo=0)                   0.000     0.000    clk
    W5                   IBUF (Prop_ibuf_I_O)         1.458     1.458 r  clk_IBUF_inst/O
                         net (fo=1, routed)           1.967     3.425    clk_IBUF
    BUFGCTRL_X0Y0        BUFG (Prop_bufg_I_O)         0.096     3.521 r  clk_IBUF_BUFG_inst/O
                         net (fo=237, routed)         1.558     5.079    u_dht11/CLK
    SLICE_X49Y55         FDRE                                         r  u_dht11/temperature_reg[0]/C
  -------------------------------------------------------------------    -------------------
    SLICE_X49Y55         FDRE (Prop_fdre_C_Q)         0.456     5.535 r  u_dht11/temperature_reg[0]/Q
                         net (fo=12, routed)          0.980     6.515    u_alu/temperature[0]
    SLICE_X50Y53         LUT2 (Prop_lut2_I1_O)        0.124     6.639 r  u_alu/hundreds_carry_i_14/O
                         net (fo=1, routed)           0.000     6.639    u_dht11/hundreds_carry_i_6_0[0]
    SLICE_X50Y53         CARRY4 (Prop_carry4_S[1]_CO[3])
                                                      0.533     7.172 r  u_dht11/hundreds_carry_i_8/CO[3]
                         net (fo=1, routed)           0.000     7.172    u_dht11/hundreds_carry_i_8_n_0
    SLICE_X50Y54         CARRY4 (Prop_carry4_CI_O[3])
                                                      0.315     7.487 r  u_dht11/hundreds_carry__2_i_7/O[3]
                         net (fo=7, routed)           0.903     8.390    u_dht11/u_alu/celsius_x9[9]
    SLICE_X51Y54         LUT6 (Prop_lut6_I2_O)        0.307     8.697 r  u_dht11/hundreds_carry__1_i_14/O
                         net (fo=8, routed)           0.677     9.375    u_dht11/u_alu/fahrenheit_val0__260[6]
    SLICE_X52Y53         LUT6 (Prop_lut6_I3_O)        0.124     9.499 r  u_dht11/hundreds_carry__0_i_19/O
                         net (fo=1, routed)           0.670    10.169    u_dht11/hundreds_carry__0_i_19_n_0
    SLICE_X52Y53         LUT6 (Prop_lut6_I4_O)        0.124    10.293 r  u_dht11/hundreds_carry__0_i_13/O
                         net (fo=5, routed)           1.182    11.474    u_dht11/u_alu/fahrenheit_val0__260[2]
    SLICE_X49Y52         LUT6 (Prop_lut6_I3_O)        0.124    11.598 r  u_dht11/hundreds_carry__0_i_14/O
                         net (fo=3, routed)           0.659    12.257    u_dht11/u_alu/fahrenheit_val0__260[1]
    SLICE_X48Y52         LUT5 (Prop_lut5_I2_O)        0.152    12.409 r  u_dht11/hundreds_carry__0_i_4/O
                         net (fo=31, routed)          1.531    13.940    u_dht11/display_value[1]
    SLICE_X44Y50         LUT2 (Prop_lut2_I0_O)        0.332    14.272 r  u_dht11/hundreds_carry__0_i_8/O
                         net (fo=1, routed)           0.000    14.272    u_ssd/hundreds__29_carry_i_2[0]
    SLICE_X44Y50         CARRY4 (Prop_carry4_S[0]_CO[3])
                                                      0.532    14.804 r  u_ssd/hundreds_carry__0/CO[3]
                         net (fo=1, routed)           0.000    14.804    u_ssd/hundreds_carry__0_n_0
    SLICE_X44Y51         CARRY4 (Prop_carry4_CI_O[1])
                                                      0.334    15.138 r  u_ssd/hundreds_carry__1/O[1]
                         net (fo=3, routed)           1.005    16.143    u_dht11/hundreds__29_carry__1_i_7_0[1]
    SLICE_X46Y54         LUT3 (Prop_lut3_I0_O)        0.303    16.446 r  u_dht11/hundreds__29_carry__1_i_11/O
                         net (fo=3, routed)           0.858    17.304    u_dht11/hundreds__29_carry__1_i_11_n_0
    SLICE_X47Y54         LUT5 (Prop_lut5_I4_O)        0.154    17.458 r  u_dht11/hundreds__29_carry__1_i_3/O
                         net (fo=1, routed)           0.611    18.069    u_ssd/hundreds__29_carry__2_1[1]
    SLICE_X44Y55         CARRY4 (Prop_carry4_DI[1]_CO[3])
                                                      0.710    18.779 r  u_ssd/hundreds__29_carry__1/CO[3]
                         net (fo=1, routed)           0.000    18.779    u_ssd/hundreds__29_carry__1_n_0
    SLICE_X44Y56         CARRY4 (Prop_carry4_CI_O[3])
                                                      0.313    19.092 r  u_ssd/hundreds__29_carry__2/O[3]
                         net (fo=16, routed)          1.502    20.594    u_ssd/hundreds__29_carry__2_i_8[1]
    SLICE_X42Y58         LUT3 (Prop_lut3_I2_O)        0.332    20.926 r  u_ssd/hundreds__82_carry__0_i_4/O
                         net (fo=1, routed)           0.382    21.308    u_ssd/hundreds__82_carry__0_i_4_n_0
    SLICE_X43Y58         CARRY4 (Prop_carry4_DI[0]_CO[3])
                                                      0.730    22.038 r  u_ssd/hundreds__82_carry__0/CO[3]
                         net (fo=1, routed)           0.000    22.038    u_ssd/hundreds__82_carry__0_n_0
    SLICE_X43Y59         CARRY4 (Prop_carry4_CI_O[1])
                                                      0.334    22.372 r  u_ssd/hundreds__82_carry__1/O[1]
                         net (fo=3, routed)           1.135    23.507    u_dht11/hundreds__112_carry__2[1]
    SLICE_X42Y56         LUT2 (Prop_lut2_I1_O)        0.303    23.810 r  u_dht11/hundreds__112_carry__1_i_2/O
                         net (fo=1, routed)           0.000    23.810    u_ssd/hundreds__112_carry__2_0[0]
    SLICE_X42Y56         CARRY4 (Prop_carry4_S[3]_CO[3])
                                                      0.376    24.186 r  u_ssd/hundreds__112_carry__1/CO[3]
                         net (fo=1, routed)           0.000    24.186    u_ssd/hundreds__112_carry__1_n_0
    SLICE_X42Y57         CARRY4 (Prop_carry4_CI_CO[0])
                                                      0.254    24.440 r  u_ssd/hundreds__112_carry__2/CO[0]
                         net (fo=10, routed)          1.003    25.444    u_ssd/hundreds__112_carry__2_i_1[0]
    SLICE_X40Y56         LUT5 (Prop_lut5_I2_O)        0.395    25.839 f  u_ssd/seg_OBUF[6]_inst_i_15/O
                         net (fo=3, routed)           0.833    26.672    u_dht11/seg_OBUF[3]_inst_i_7
    SLICE_X39Y56         LUT6 (Prop_lut6_I1_O)        0.326    26.998 r  u_dht11/seg_OBUF[3]_inst_i_11/O
                         net (fo=1, routed)           0.154    27.152    u_ssd/seg_OBUF[2]_inst_i_4_1
    SLICE_X39Y56         LUT6 (Prop_lut6_I1_O)        0.124    27.276 r  u_ssd/seg_OBUF[3]_inst_i_7/O
                         net (fo=3, routed)           0.955    28.231    u_ssd/seg_OBUF[3]_inst_i_7_n_0
    SLICE_X37Y54         LUT5 (Prop_lut5_I4_O)        0.124    28.355 r  u_ssd/seg_OBUF[2]_inst_i_4/O
                         net (fo=2, routed)           0.739    29.094    u_dht11/seg[1]_0
    SLICE_X40Y53         LUT6 (Prop_lut6_I4_O)        0.124    29.218 r  u_dht11/seg_OBUF[2]_inst_i_1/O
                         net (fo=1, routed)           3.454    32.672    seg_OBUF[2]
    U8                   OBUF (Prop_obuf_I_O)         3.535    36.207 r  seg_OBUF[2]_inst/O
                         net (fo=0)                   0.000    36.207    seg[2]
    U8                                                                r  seg[2] (OUT)
  -------------------------------------------------------------------    -------------------

Slack:                    inf
  Source:                 u_dht11/temperature_reg[0]/C
                            (rising edge-triggered cell FDRE clocked by sys_clk_pin  {rise@0.000ns fall@5.000ns period=10.000ns})
  Destination:            seg[0]
                            (output port)
  Path Group:             (none)
  Path Type:              Max at Slow Process Corner
  Data Path Delay:        31.063ns  (logic 11.836ns (38.103%)  route 19.227ns (61.897%))
  Logic Levels:           27  (CARRY4=10 LUT2=3 LUT3=3 LUT5=2 LUT6=8 OBUF=1)
  Clock Uncertainty:      0.025ns  ((TSJ^2 + TIJ^2)^1/2 + DJ) / 2 + PE
    Total System Jitter     (TSJ):    0.050ns
    Total Input Jitter      (TIJ):    0.000ns
    Discrete Jitter          (DJ):    0.000ns
    Phase Error              (PE):    0.000ns

    Location             Delay type                Incr(ns)  Path(ns)    Netlist Resource(s)
  -------------------------------------------------------------------    -------------------
                         (clock sys_clk_pin rise edge)
                                                      0.000     0.000 r  
    W5                                                0.000     0.000 r  clk (IN)
                         net (fo=0)                   0.000     0.000    clk
    W5                   IBUF (Prop_ibuf_I_O)         1.458     1.458 r  clk_IBUF_inst/O
                         net (fo=1, routed)           1.967     3.425    clk_IBUF
    BUFGCTRL_X0Y0        BUFG (Prop_bufg_I_O)         0.096     3.521 r  clk_IBUF_BUFG_inst/O
                         net (fo=237, routed)         1.558     5.079    u_dht11/CLK
    SLICE_X49Y55         FDRE                                         r  u_dht11/temperature_reg[0]/C
  -------------------------------------------------------------------    -------------------
    SLICE_X49Y55         FDRE (Prop_fdre_C_Q)         0.456     5.535 r  u_dht11/temperature_reg[0]/Q
                         net (fo=12, routed)          0.980     6.515    u_alu/temperature[0]
    SLICE_X50Y53         LUT2 (Prop_lut2_I1_O)        0.124     6.639 r  u_alu/hundreds_carry_i_14/O
                         net (fo=1, routed)           0.000     6.639    u_dht11/hundreds_carry_i_6_0[0]
    SLICE_X50Y53         CARRY4 (Prop_carry4_S[1]_CO[3])
                                                      0.533     7.172 r  u_dht11/hundreds_carry_i_8/CO[3]
                         net (fo=1, routed)           0.000     7.172    u_dht11/hundreds_carry_i_8_n_0
    SLICE_X50Y54         CARRY4 (Prop_carry4_CI_O[3])
                                                      0.315     7.487 r  u_dht11/hundreds_carry__2_i_7/O[3]
                         net (fo=7, routed)           0.903     8.390    u_dht11/u_alu/celsius_x9[9]
    SLICE_X51Y54         LUT6 (Prop_lut6_I2_O)        0.307     8.697 r  u_dht11/hundreds_carry__1_i_14/O
                         net (fo=8, routed)           0.677     9.375    u_dht11/u_alu/fahrenheit_val0__260[6]
    SLICE_X52Y53         LUT6 (Prop_lut6_I3_O)        0.124     9.499 r  u_dht11/hundreds_carry__0_i_19/O
                         net (fo=1, routed)           0.670    10.169    u_dht11/hundreds_carry__0_i_19_n_0
    SLICE_X52Y53         LUT6 (Prop_lut6_I4_O)        0.124    10.293 r  u_dht11/hundreds_carry__0_i_13/O
                         net (fo=5, routed)           1.182    11.474    u_dht11/u_alu/fahrenheit_val0__260[2]
    SLICE_X49Y52         LUT6 (Prop_lut6_I3_O)        0.124    11.598 r  u_dht11/hundreds_carry__0_i_14/O
                         net (fo=3, routed)           0.659    12.257    u_dht11/u_alu/fahrenheit_val0__260[1]
    SLICE_X48Y52         LUT5 (Prop_lut5_I2_O)        0.152    12.409 r  u_dht11/hundreds_carry__0_i_4/O
                         net (fo=31, routed)          1.531    13.940    u_dht11/display_value[1]
    SLICE_X44Y50         LUT2 (Prop_lut2_I0_O)        0.332    14.272 r  u_dht11/hundreds_carry__0_i_8/O
                         net (fo=1, routed)           0.000    14.272    u_ssd/hundreds__29_carry_i_2[0]
    SLICE_X44Y50         CARRY4 (Prop_carry4_S[0]_CO[3])
                                                      0.532    14.804 r  u_ssd/hundreds_carry__0/CO[3]
                         net (fo=1, routed)           0.000    14.804    u_ssd/hundreds_carry__0_n_0
    SLICE_X44Y51         CARRY4 (Prop_carry4_CI_O[1])
                                                      0.334    15.138 r  u_ssd/hundreds_carry__1/O[1]
                         net (fo=3, routed)           1.005    16.143    u_dht11/hundreds__29_carry__1_i_7_0[1]
    SLICE_X46Y54         LUT3 (Prop_lut3_I0_O)        0.303    16.446 r  u_dht11/hundreds__29_carry__1_i_11/O
                         net (fo=3, routed)           0.858    17.304    u_dht11/hundreds__29_carry__1_i_11_n_0
    SLICE_X47Y54         LUT5 (Prop_lut5_I4_O)        0.154    17.458 r  u_dht11/hundreds__29_carry__1_i_3/O
                         net (fo=1, routed)           0.611    18.069    u_ssd/hundreds__29_carry__2_1[1]
    SLICE_X44Y55         CARRY4 (Prop_carry4_DI[1]_CO[3])
                                                      0.710    18.779 r  u_ssd/hundreds__29_carry__1/CO[3]
                         net (fo=1, routed)           0.000    18.779    u_ssd/hundreds__29_carry__1_n_0
    SLICE_X44Y56         CARRY4 (Prop_carry4_CI_O[3])
                                                      0.313    19.092 r  u_ssd/hundreds__29_carry__2/O[3]
                         net (fo=16, routed)          1.502    20.594    u_ssd/hundreds__29_carry__2_i_8[1]
    SLICE_X42Y58         LUT3 (Prop_lut3_I2_O)        0.332    20.926 r  u_ssd/hundreds__82_carry__0_i_4/O
                         net (fo=1, routed)           0.382    21.308    u_ssd/hundreds__82_carry__0_i_4_n_0
    SLICE_X43Y58         CARRY4 (Prop_carry4_DI[0]_CO[3])
                                                      0.730    22.038 r  u_ssd/hundreds__82_carry__0/CO[3]
                         net (fo=1, routed)           0.000    22.038    u_ssd/hundreds__82_carry__0_n_0
    SLICE_X43Y59         CARRY4 (Prop_carry4_CI_O[1])
                                                      0.334    22.372 r  u_ssd/hundreds__82_carry__1/O[1]
                         net (fo=3, routed)           1.135    23.507    u_dht11/hundreds__112_carry__2[1]
    SLICE_X42Y56         LUT2 (Prop_lut2_I1_O)        0.303    23.810 r  u_dht11/hundreds__112_carry__1_i_2/O
                         net (fo=1, routed)           0.000    23.810    u_ssd/hundreds__112_carry__2_0[0]
    SLICE_X42Y56         CARRY4 (Prop_carry4_S[3]_CO[3])
                                                      0.376    24.186 r  u_ssd/hundreds__112_carry__1/CO[3]
                         net (fo=1, routed)           0.000    24.186    u_ssd/hundreds__112_carry__1_n_0
    SLICE_X42Y57         CARRY4 (Prop_carry4_CI_CO[0])
                                                      0.254    24.440 r  u_ssd/hundreds__112_carry__2/CO[0]
                         net (fo=10, routed)          1.017    25.457    u_ssd/hundreds__112_carry__2_i_1[0]
    SLICE_X40Y57         LUT6 (Prop_lut6_I2_O)        0.367    25.824 f  u_ssd/seg_OBUF[4]_inst_i_8/O
                         net (fo=4, routed)           0.725    26.548    u_ssd/hundreds__29_carry__3_0[0]
    SLICE_X39Y55         LUT3 (Prop_lut3_I2_O)        0.118    26.666 r  u_ssd/seg_OBUF[6]_inst_i_16/O
                         net (fo=8, routed)           0.866    27.532    u_ssd/seg_OBUF[6]_inst_i_16_n_0
    SLICE_X39Y56         LUT6 (Prop_lut6_I3_O)        0.326    27.858 r  u_ssd/seg_OBUF[3]_inst_i_3/O
                         net (fo=2, routed)           0.823    28.681    u_ssd/seg_OBUF[3]_inst_i_3_n_0
    SLICE_X38Y55         LUT6 (Prop_lut6_I0_O)        0.124    28.805 r  u_ssd/seg_OBUF[0]_inst_i_2/O
                         net (fo=1, routed)           0.439    29.244    u_dht11/seg[0]
    SLICE_X41Y53         LUT6 (Prop_lut6_I4_O)        0.124    29.368 r  u_dht11/seg_OBUF[0]_inst_i_1/O
                         net (fo=1, routed)           3.263    32.631    seg_OBUF[0]
    W7                   OBUF (Prop_obuf_I_O)         3.511    36.142 r  seg_OBUF[0]_inst/O
                         net (fo=0)                   0.000    36.142    seg[0]
    W7                                                                r  seg[0] (OUT)
  -------------------------------------------------------------------    -------------------

Slack:                    inf
  Source:                 u_dht11/temperature_reg[0]/C
                            (rising edge-triggered cell FDRE clocked by sys_clk_pin  {rise@0.000ns fall@5.000ns period=10.000ns})
  Destination:            seg[1]
                            (output port)
  Path Group:             (none)
  Path Type:              Max at Slow Process Corner
  Data Path Delay:        30.977ns  (logic 11.888ns (38.378%)  route 19.089ns (61.622%))
  Logic Levels:           27  (CARRY4=10 LUT2=3 LUT3=2 LUT5=4 LUT6=7 OBUF=1)
  Clock Uncertainty:      0.025ns  ((TSJ^2 + TIJ^2)^1/2 + DJ) / 2 + PE
    Total System Jitter     (TSJ):    0.050ns
    Total Input Jitter      (TIJ):    0.000ns
    Discrete Jitter          (DJ):    0.000ns
    Phase Error              (PE):    0.000ns

    Location             Delay type                Incr(ns)  Path(ns)    Netlist Resource(s)
  -------------------------------------------------------------------    -------------------
                         (clock sys_clk_pin rise edge)
                                                      0.000     0.000 r  
    W5                                                0.000     0.000 r  clk (IN)
                         net (fo=0)                   0.000     0.000    clk
    W5                   IBUF (Prop_ibuf_I_O)         1.458     1.458 r  clk_IBUF_inst/O
                         net (fo=1, routed)           1.967     3.425    clk_IBUF
    BUFGCTRL_X0Y0        BUFG (Prop_bufg_I_O)         0.096     3.521 r  clk_IBUF_BUFG_inst/O
                         net (fo=237, routed)         1.558     5.079    u_dht11/CLK
    SLICE_X49Y55         FDRE                                         r  u_dht11/temperature_reg[0]/C
  -------------------------------------------------------------------    -------------------
    SLICE_X49Y55         FDRE (Prop_fdre_C_Q)         0.456     5.535 r  u_dht11/temperature_reg[0]/Q
                         net (fo=12, routed)          0.980     6.515    u_alu/temperature[0]
    SLICE_X50Y53         LUT2 (Prop_lut2_I1_O)        0.124     6.639 r  u_alu/hundreds_carry_i_14/O
                         net (fo=1, routed)           0.000     6.639    u_dht11/hundreds_carry_i_6_0[0]
    SLICE_X50Y53         CARRY4 (Prop_carry4_S[1]_CO[3])
                                                      0.533     7.172 r  u_dht11/hundreds_carry_i_8/CO[3]
                         net (fo=1, routed)           0.000     7.172    u_dht11/hundreds_carry_i_8_n_0
    SLICE_X50Y54         CARRY4 (Prop_carry4_CI_O[3])
                                                      0.315     7.487 r  u_dht11/hundreds_carry__2_i_7/O[3]
                         net (fo=7, routed)           0.903     8.390    u_dht11/u_alu/celsius_x9[9]
    SLICE_X51Y54         LUT6 (Prop_lut6_I2_O)        0.307     8.697 r  u_dht11/hundreds_carry__1_i_14/O
                         net (fo=8, routed)           0.677     9.375    u_dht11/u_alu/fahrenheit_val0__260[6]
    SLICE_X52Y53         LUT6 (Prop_lut6_I3_O)        0.124     9.499 r  u_dht11/hundreds_carry__0_i_19/O
                         net (fo=1, routed)           0.670    10.169    u_dht11/hundreds_carry__0_i_19_n_0
    SLICE_X52Y53         LUT6 (Prop_lut6_I4_O)        0.124    10.293 r  u_dht11/hundreds_carry__0_i_13/O
                         net (fo=5, routed)           1.182    11.474    u_dht11/u_alu/fahrenheit_val0__260[2]
    SLICE_X49Y52         LUT6 (Prop_lut6_I3_O)        0.124    11.598 r  u_dht11/hundreds_carry__0_i_14/O
                         net (fo=3, routed)           0.659    12.257    u_dht11/u_alu/fahrenheit_val0__260[1]
    SLICE_X48Y52         LUT5 (Prop_lut5_I2_O)        0.152    12.409 r  u_dht11/hundreds_carry__0_i_4/O
                         net (fo=31, routed)          1.531    13.940    u_dht11/display_value[1]
    SLICE_X44Y50         LUT2 (Prop_lut2_I0_O)        0.332    14.272 r  u_dht11/hundreds_carry__0_i_8/O
                         net (fo=1, routed)           0.000    14.272    u_ssd/hundreds__29_carry_i_2[0]
    SLICE_X44Y50         CARRY4 (Prop_carry4_S[0]_CO[3])
                                                      0.532    14.804 r  u_ssd/hundreds_carry__0/CO[3]
                         net (fo=1, routed)           0.000    14.804    u_ssd/hundreds_carry__0_n_0
    SLICE_X44Y51         CARRY4 (Prop_carry4_CI_O[1])
                                                      0.334    15.138 r  u_ssd/hundreds_carry__1/O[1]
                         net (fo=3, routed)           1.005    16.143    u_dht11/hundreds__29_carry__1_i_7_0[1]
    SLICE_X46Y54         LUT3 (Prop_lut3_I0_O)        0.303    16.446 r  u_dht11/hundreds__29_carry__1_i_11/O
                         net (fo=3, routed)           0.858    17.304    u_dht11/hundreds__29_carry__1_i_11_n_0
    SLICE_X47Y54         LUT5 (Prop_lut5_I4_O)        0.154    17.458 r  u_dht11/hundreds__29_carry__1_i_3/O
                         net (fo=1, routed)           0.611    18.069    u_ssd/hundreds__29_carry__2_1[1]
    SLICE_X44Y55         CARRY4 (Prop_carry4_DI[1]_CO[3])
                                                      0.710    18.779 r  u_ssd/hundreds__29_carry__1/CO[3]
                         net (fo=1, routed)           0.000    18.779    u_ssd/hundreds__29_carry__1_n_0
    SLICE_X44Y56         CARRY4 (Prop_carry4_CI_O[3])
                                                      0.313    19.092 r  u_ssd/hundreds__29_carry__2/O[3]
                         net (fo=16, routed)          1.502    20.594    u_ssd/hundreds__29_carry__2_i_8[1]
    SLICE_X42Y58         LUT3 (Prop_lut3_I2_O)        0.332    20.926 r  u_ssd/hundreds__82_carry__0_i_4/O
                         net (fo=1, routed)           0.382    21.308    u_ssd/hundreds__82_carry__0_i_4_n_0
    SLICE_X43Y58         CARRY4 (Prop_carry4_DI[0]_CO[3])
                                                      0.730    22.038 r  u_ssd/hundreds__82_carry__0/CO[3]
                         net (fo=1, routed)           0.000    22.038    u_ssd/hundreds__82_carry__0_n_0
    SLICE_X43Y59         CARRY4 (Prop_carry4_CI_O[1])
                                                      0.334    22.372 r  u_ssd/hundreds__82_carry__1/O[1]
                         net (fo=3, routed)           1.135    23.507    u_dht11/hundreds__112_carry__2[1]
    SLICE_X42Y56         LUT2 (Prop_lut2_I1_O)        0.303    23.810 r  u_dht11/hundreds__112_carry__1_i_2/O
                         net (fo=1, routed)           0.000    23.810    u_ssd/hundreds__112_carry__2_0[0]
    SLICE_X42Y56         CARRY4 (Prop_carry4_S[3]_CO[3])
                                                      0.376    24.186 r  u_ssd/hundreds__112_carry__1/CO[3]
                         net (fo=1, routed)           0.000    24.186    u_ssd/hundreds__112_carry__1_n_0
    SLICE_X42Y57         CARRY4 (Prop_carry4_CI_CO[0])
                                                      0.254    24.440 r  u_ssd/hundreds__112_carry__2/CO[0]
                         net (fo=10, routed)          1.003    25.444    u_ssd/hundreds__112_carry__2_i_1[0]
    SLICE_X40Y56         LUT5 (Prop_lut5_I2_O)        0.395    25.839 f  u_ssd/seg_OBUF[6]_inst_i_15/O
                         net (fo=3, routed)           0.833    26.672    u_dht11/seg_OBUF[3]_inst_i_7
    SLICE_X39Y56         LUT6 (Prop_lut6_I1_O)        0.326    26.998 r  u_dht11/seg_OBUF[3]_inst_i_11/O
                         net (fo=1, routed)           0.154    27.152    u_ssd/seg_OBUF[2]_inst_i_4_1
    SLICE_X39Y56         LUT6 (Prop_lut6_I1_O)        0.124    27.276 r  u_ssd/seg_OBUF[3]_inst_i_7/O
                         net (fo=3, routed)           0.955    28.231    u_ssd/seg_OBUF[3]_inst_i_7_n_0
    SLICE_X37Y54         LUT5 (Prop_lut5_I4_O)        0.124    28.355 r  u_ssd/seg_OBUF[2]_inst_i_4/O
                         net (fo=2, routed)           0.744    29.098    u_dht11/seg[1]_0
    SLICE_X40Y53         LUT6 (Prop_lut6_I3_O)        0.124    29.222 r  u_dht11/seg_OBUF[1]_inst_i_1/O
                         net (fo=1, routed)           3.304    32.526    seg_OBUF[1]
    W6                   OBUF (Prop_obuf_I_O)         3.529    36.056 r  seg_OBUF[1]_inst/O
                         net (fo=0)                   0.000    36.056    seg[1]
    W6                                                                r  seg[1] (OUT)
  -------------------------------------------------------------------    -------------------

Slack:                    inf
  Source:                 u_dht11/temperature_reg[0]/C
                            (rising edge-triggered cell FDRE clocked by sys_clk_pin  {rise@0.000ns fall@5.000ns period=10.000ns})
  Destination:            seg[3]
                            (output port)
  Path Group:             (none)
  Path Type:              Max at Slow Process Corner
  Data Path Delay:        30.721ns  (logic 11.737ns (38.204%)  route 18.984ns (61.796%))
  Logic Levels:           26  (CARRY4=10 LUT2=3 LUT3=3 LUT5=2 LUT6=7 OBUF=1)
  Clock Uncertainty:      0.025ns  ((TSJ^2 + TIJ^2)^1/2 + DJ) / 2 + PE
    Total System Jitter     (TSJ):    0.050ns
    Total Input Jitter      (TIJ):    0.000ns
    Discrete Jitter          (DJ):    0.000ns
    Phase Error              (PE):    0.000ns

    Location             Delay type                Incr(ns)  Path(ns)    Netlist Resource(s)
  -------------------------------------------------------------------    -------------------
                         (clock sys_clk_pin rise edge)
                                                      0.000     0.000 r  
    W5                                                0.000     0.000 r  clk (IN)
                         net (fo=0)                   0.000     0.000    clk
    W5                   IBUF (Prop_ibuf_I_O)         1.458     1.458 r  clk_IBUF_inst/O
                         net (fo=1, routed)           1.967     3.425    clk_IBUF
    BUFGCTRL_X0Y0        BUFG (Prop_bufg_I_O)         0.096     3.521 r  clk_IBUF_BUFG_inst/O
                         net (fo=237, routed)         1.558     5.079    u_dht11/CLK
    SLICE_X49Y55         FDRE                                         r  u_dht11/temperature_reg[0]/C
  -------------------------------------------------------------------    -------------------
    SLICE_X49Y55         FDRE (Prop_fdre_C_Q)         0.456     5.535 r  u_dht11/temperature_reg[0]/Q
                         net (fo=12, routed)          0.980     6.515    u_alu/temperature[0]
    SLICE_X50Y53         LUT2 (Prop_lut2_I1_O)        0.124     6.639 r  u_alu/hundreds_carry_i_14/O
                         net (fo=1, routed)           0.000     6.639    u_dht11/hundreds_carry_i_6_0[0]
    SLICE_X50Y53         CARRY4 (Prop_carry4_S[1]_CO[3])
                                                      0.533     7.172 r  u_dht11/hundreds_carry_i_8/CO[3]
                         net (fo=1, routed)           0.000     7.172    u_dht11/hundreds_carry_i_8_n_0
    SLICE_X50Y54         CARRY4 (Prop_carry4_CI_O[3])
                                                      0.315     7.487 r  u_dht11/hundreds_carry__2_i_7/O[3]
                         net (fo=7, routed)           0.903     8.390    u_dht11/u_alu/celsius_x9[9]
    SLICE_X51Y54         LUT6 (Prop_lut6_I2_O)        0.307     8.697 r  u_dht11/hundreds_carry__1_i_14/O
                         net (fo=8, routed)           0.677     9.375    u_dht11/u_alu/fahrenheit_val0__260[6]
    SLICE_X52Y53         LUT6 (Prop_lut6_I3_O)        0.124     9.499 r  u_dht11/hundreds_carry__0_i_19/O
                         net (fo=1, routed)           0.670    10.169    u_dht11/hundreds_carry__0_i_19_n_0
    SLICE_X52Y53         LUT6 (Prop_lut6_I4_O)        0.124    10.293 r  u_dht11/hundreds_carry__0_i_13/O
                         net (fo=5, routed)           1.182    11.474    u_dht11/u_alu/fahrenheit_val0__260[2]
    SLICE_X49Y52         LUT6 (Prop_lut6_I3_O)        0.124    11.598 r  u_dht11/hundreds_carry__0_i_14/O
                         net (fo=3, routed)           0.659    12.257    u_dht11/u_alu/fahrenheit_val0__260[1]
    SLICE_X48Y52         LUT5 (Prop_lut5_I2_O)        0.152    12.409 r  u_dht11/hundreds_carry__0_i_4/O
                         net (fo=31, routed)          1.531    13.940    u_dht11/display_value[1]
    SLICE_X44Y50         LUT2 (Prop_lut2_I0_O)        0.332    14.272 r  u_dht11/hundreds_carry__0_i_8/O
                         net (fo=1, routed)           0.000    14.272    u_ssd/hundreds__29_carry_i_2[0]
    SLICE_X44Y50         CARRY4 (Prop_carry4_S[0]_CO[3])
                                                      0.532    14.804 r  u_ssd/hundreds_carry__0/CO[3]
                         net (fo=1, routed)           0.000    14.804    u_ssd/hundreds_carry__0_n_0
    SLICE_X44Y51         CARRY4 (Prop_carry4_CI_O[1])
                                                      0.334    15.138 r  u_ssd/hundreds_carry__1/O[1]
                         net (fo=3, routed)           1.005    16.143    u_dht11/hundreds__29_carry__1_i_7_0[1]
    SLICE_X46Y54         LUT3 (Prop_lut3_I0_O)        0.303    16.446 r  u_dht11/hundreds__29_carry__1_i_11/O
                         net (fo=3, routed)           0.858    17.304    u_dht11/hundreds__29_carry__1_i_11_n_0
    SLICE_X47Y54         LUT5 (Prop_lut5_I4_O)        0.154    17.458 r  u_dht11/hundreds__29_carry__1_i_3/O
                         net (fo=1, routed)           0.611    18.069    u_ssd/hundreds__29_carry__2_1[1]
    SLICE_X44Y55         CARRY4 (Prop_carry4_DI[1]_CO[3])
                                                      0.710    18.779 r  u_ssd/hundreds__29_carry__1/CO[3]
                         net (fo=1, routed)           0.000    18.779    u_ssd/hundreds__29_carry__1_n_0
    SLICE_X44Y56         CARRY4 (Prop_carry4_CI_O[3])
                                                      0.313    19.092 r  u_ssd/hundreds__29_carry__2/O[3]
                         net (fo=16, routed)          1.502    20.594    u_ssd/hundreds__29_carry__2_i_8[1]
    SLICE_X42Y58         LUT3 (Prop_lut3_I2_O)        0.332    20.926 r  u_ssd/hundreds__82_carry__0_i_4/O
                         net (fo=1, routed)           0.382    21.308    u_ssd/hundreds__82_carry__0_i_4_n_0
    SLICE_X43Y58         CARRY4 (Prop_carry4_DI[0]_CO[3])
                                                      0.730    22.038 r  u_ssd/hundreds__82_carry__0/CO[3]
                         net (fo=1, routed)           0.000    22.038    u_ssd/hundreds__82_carry__0_n_0
    SLICE_X43Y59         CARRY4 (Prop_carry4_CI_O[1])
                                                      0.334    22.372 r  u_ssd/hundreds__82_carry__1/O[1]
                         net (fo=3, routed)           1.135    23.507    u_dht11/hundreds__112_carry__2[1]
    SLICE_X42Y56         LUT2 (Prop_lut2_I1_O)        0.303    23.810 r  u_dht11/hundreds__112_carry__1_i_2/O
                         net (fo=1, routed)           0.000    23.810    u_ssd/hundreds__112_carry__2_0[0]
    SLICE_X42Y56         CARRY4 (Prop_carry4_S[3]_CO[3])
                                                      0.376    24.186 r  u_ssd/hundreds__112_carry__1/CO[3]
                         net (fo=1, routed)           0.000    24.186    u_ssd/hundreds__112_carry__1_n_0
    SLICE_X42Y57         CARRY4 (Prop_carry4_CI_CO[0])
                                                      0.254    24.440 r  u_ssd/hundreds__112_carry__2/CO[0]
                         net (fo=10, routed)          1.017    25.457    u_ssd/hundreds__112_carry__2_i_1[0]
    SLICE_X40Y57         LUT6 (Prop_lut6_I2_O)        0.367    25.824 f  u_ssd/seg_OBUF[4]_inst_i_8/O
                         net (fo=4, routed)           0.725    26.548    u_ssd/hundreds__29_carry__3_0[0]
    SLICE_X39Y55         LUT3 (Prop_lut3_I2_O)        0.118    26.666 r  u_ssd/seg_OBUF[6]_inst_i_16/O
                         net (fo=8, routed)           0.892    27.559    u_ssd/seg_OBUF[6]_inst_i_16_n_0
    SLICE_X40Y54         LUT6 (Prop_lut6_I5_O)        0.326    27.885 r  u_ssd/seg_OBUF[3]_inst_i_2/O
                         net (fo=2, routed)           0.628    28.513    u_ssd/digit_sel_reg[1]_0
    SLICE_X38Y54         LUT6 (Prop_lut6_I0_O)        0.124    28.637 r  u_ssd/seg_OBUF[3]_inst_i_1/O
                         net (fo=1, routed)           3.627    32.264    seg_OBUF[3]
    V8                   OBUF (Prop_obuf_I_O)         3.536    35.800 r  seg_OBUF[3]_inst/O
                         net (fo=0)                   0.000    35.800    seg[3]
    V8                                                                r  seg[3] (OUT)
  -------------------------------------------------------------------    -------------------

Slack:                    inf
  Source:                 u_dht11/temperature_reg[3]/C
                            (rising edge-triggered cell FDRE clocked by sys_clk_pin  {rise@0.000ns fall@5.000ns period=10.000ns})
  Destination:            led_hot
                            (output port)
  Path Group:             (none)
  Path Type:              Max at Slow Process Corner
  Data Path Delay:        10.420ns  (logic 4.271ns (40.985%)  route 6.149ns (59.015%))
  Logic Levels:           3  (LUT5=2 OBUF=1)
  Clock Uncertainty:      0.025ns  ((TSJ^2 + TIJ^2)^1/2 + DJ) / 2 + PE
    Total System Jitter     (TSJ):    0.050ns
    Total Input Jitter      (TIJ):    0.000ns
    Discrete Jitter          (DJ):    0.000ns
    Phase Error              (PE):    0.000ns

    Location             Delay type                Incr(ns)  Path(ns)    Netlist Resource(s)
  -------------------------------------------------------------------    -------------------
                         (clock sys_clk_pin rise edge)
                                                      0.000     0.000 r  
    W5                                                0.000     0.000 r  clk (IN)
                         net (fo=0)                   0.000     0.000    clk
    W5                   IBUF (Prop_ibuf_I_O)         1.458     1.458 r  clk_IBUF_inst/O
                         net (fo=1, routed)           1.967     3.425    clk_IBUF
    BUFGCTRL_X0Y0        BUFG (Prop_bufg_I_O)         0.096     3.521 r  clk_IBUF_BUFG_inst/O
                         net (fo=237, routed)         1.559     5.080    u_dht11/CLK
    SLICE_X50Y54         FDRE                                         r  u_dht11/temperature_reg[3]/C
  -------------------------------------------------------------------    -------------------
    SLICE_X50Y54         FDRE (Prop_fdre_C_Q)         0.518     5.598 r  u_dht11/temperature_reg[3]/Q
                         net (fo=8, routed)           1.000     6.597    u_dht11/Q[3]
    SLICE_X49Y53         LUT5 (Prop_lut5_I0_O)        0.124     6.721 r  u_dht11/led_hot_OBUF_inst_i_2/O
                         net (fo=1, routed)           0.420     7.141    u_dht11/led_hot_OBUF_inst_i_2_n_0
    SLICE_X48Y53         LUT5 (Prop_lut5_I4_O)        0.124     7.265 r  u_dht11/led_hot_OBUF_inst_i_1/O
                         net (fo=7, routed)           4.730    11.995    led_hot_OBUF
    U16                  OBUF (Prop_obuf_I_O)         3.505    15.500 r  led_hot_OBUF_inst/O
                         net (fo=0)                   0.000    15.500    led_hot
    U16                                                               r  led_hot (OUT)
  -------------------------------------------------------------------    -------------------

Slack:                    inf
  Source:                 u_dht11/temperature_reg[3]/C
                            (rising edge-triggered cell FDRE clocked by sys_clk_pin  {rise@0.000ns fall@5.000ns period=10.000ns})
  Destination:            led_cold
                            (output port)
  Path Group:             (none)
  Path Type:              Max at Slow Process Corner
  Data Path Delay:        10.213ns  (logic 4.420ns (43.276%)  route 5.793ns (56.724%))
  Logic Levels:           4  (LUT1=1 LUT5=2 OBUF=1)
  Clock Uncertainty:      0.025ns  ((TSJ^2 + TIJ^2)^1/2 + DJ) / 2 + PE
    Total System Jitter     (TSJ):    0.050ns
    Total Input Jitter      (TIJ):    0.000ns
    Discrete Jitter          (DJ):    0.000ns
    Phase Error              (PE):    0.000ns

    Location             Delay type                Incr(ns)  Path(ns)    Netlist Resource(s)
  -------------------------------------------------------------------    -------------------
                         (clock sys_clk_pin rise edge)
                                                      0.000     0.000 r  
    W5                                                0.000     0.000 r  clk (IN)
                         net (fo=0)                   0.000     0.000    clk
    W5                   IBUF (Prop_ibuf_I_O)         1.458     1.458 r  clk_IBUF_inst/O
                         net (fo=1, routed)           1.967     3.425    clk_IBUF
    BUFGCTRL_X0Y0        BUFG (Prop_bufg_I_O)         0.096     3.521 r  clk_IBUF_BUFG_inst/O
                         net (fo=237, routed)         1.559     5.080    u_dht11/CLK
    SLICE_X50Y54         FDRE                                         r  u_dht11/temperature_reg[3]/C
  -------------------------------------------------------------------    -------------------
    SLICE_X50Y54         FDRE (Prop_fdre_C_Q)         0.518     5.598 f  u_dht11/temperature_reg[3]/Q
                         net (fo=8, routed)           1.000     6.597    u_dht11/Q[3]
    SLICE_X49Y53         LUT5 (Prop_lut5_I0_O)        0.124     6.721 f  u_dht11/led_hot_OBUF_inst_i_2/O
                         net (fo=1, routed)           0.420     7.141    u_dht11/led_hot_OBUF_inst_i_2_n_0
    SLICE_X48Y53         LUT5 (Prop_lut5_I4_O)        0.124     7.265 f  u_dht11/led_hot_OBUF_inst_i_1/O
                         net (fo=7, routed)           1.972     9.237    u_dht11/led_hot_OBUF
    SLICE_X32Y44         LUT1 (Prop_lut1_I0_O)        0.124     9.361 r  u_dht11/led_cold_OBUF_inst_i_1/O
                         net (fo=1, routed)           2.402    11.763    led_cold_OBUF
    E19                  OBUF (Prop_obuf_I_O)         3.530    15.293 r  led_cold_OBUF_inst/O
                         net (fo=0)                   0.000    15.293    led_cold
    E19                                                               r  led_cold (OUT)
  -------------------------------------------------------------------    -------------------

Slack:                    inf
  Source:                 u_ssd/digit_sel_reg[0]/C
                            (rising edge-triggered cell FDRE clocked by sys_clk_pin  {rise@0.000ns fall@5.000ns period=10.000ns})
  Destination:            an[3]
                            (output port)
  Path Group:             (none)
  Path Type:              Max at Slow Process Corner
  Data Path Delay:        8.903ns  (logic 4.090ns (45.944%)  route 4.813ns (54.056%))
  Logic Levels:           2  (LUT2=1 OBUF=1)
  Clock Uncertainty:      0.025ns  ((TSJ^2 + TIJ^2)^1/2 + DJ) / 2 + PE
    Total System Jitter     (TSJ):    0.050ns
    Total Input Jitter      (TIJ):    0.000ns
    Discrete Jitter          (DJ):    0.000ns
    Phase Error              (PE):    0.000ns

    Location             Delay type                Incr(ns)  Path(ns)    Netlist Resource(s)
  -------------------------------------------------------------------    -------------------
                         (clock sys_clk_pin rise edge)
                                                      0.000     0.000 r  
    W5                                                0.000     0.000 r  clk (IN)
                         net (fo=0)                   0.000     0.000    clk
    W5                   IBUF (Prop_ibuf_I_O)         1.458     1.458 r  clk_IBUF_inst/O
                         net (fo=1, routed)           1.967     3.425    clk_IBUF
    BUFGCTRL_X0Y0        BUFG (Prop_bufg_I_O)         0.096     3.521 r  clk_IBUF_BUFG_inst/O
                         net (fo=237, routed)         1.553     5.074    u_ssd/CLK
    SLICE_X37Y54         FDRE                                         r  u_ssd/digit_sel_reg[0]/C
  -------------------------------------------------------------------    -------------------
    SLICE_X37Y54         FDRE (Prop_fdre_C_Q)         0.456     5.530 f  u_ssd/digit_sel_reg[0]/Q
                         net (fo=23, routed)          1.280     6.810    u_ssd/sel0[0]
    SLICE_X37Y54         LUT2 (Prop_lut2_I0_O)        0.124     6.934 r  u_ssd/an_OBUF[3]_inst_i_1/O
                         net (fo=2, routed)           3.533    10.466    an_OBUF[3]
    W4                   OBUF (Prop_obuf_I_O)         3.510    13.977 r  an_OBUF[3]_inst/O
                         net (fo=0)                   0.000    13.977    an[3]
    W4                                                                r  an[3] (OUT)
  -------------------------------------------------------------------    -------------------





Min Delay Paths
--------------------------------------------------------------------------------------
Slack:                    inf
  Source:                 u_dht11/drive_low_reg/C
                            (rising edge-triggered cell FDSE clocked by sys_clk_pin  {rise@0.000ns fall@5.000ns period=10.000ns})
  Destination:            jA1
                            (output port)
  Path Group:             (none)
  Path Type:              Min at Fast Process Corner
  Data Path Delay:        2.168ns  (logic 0.965ns (44.507%)  route 1.203ns (55.493%))
  Logic Levels:           1  (OBUFT=1)
  Clock Uncertainty:      0.025ns  ((TSJ^2 + TIJ^2)^1/2 + DJ) / 2 + PE
    Total System Jitter     (TSJ):    0.050ns
    Total Input Jitter      (TIJ):    0.000ns
    Discrete Jitter          (DJ):    0.000ns
    Phase Error              (PE):    0.000ns

    Location             Delay type                Incr(ns)  Path(ns)    Netlist Resource(s)
  -------------------------------------------------------------------    -------------------
                         (clock sys_clk_pin rise edge)
                                                      0.000     0.000 r  
    W5                                                0.000     0.000 r  clk (IN)
                         net (fo=0)                   0.000     0.000    clk
    W5                   IBUF (Prop_ibuf_I_O)         0.226     0.226 r  clk_IBUF_inst/O
                         net (fo=1, routed)           0.631     0.858    clk_IBUF
    BUFGCTRL_X0Y0        BUFG (Prop_bufg_I_O)         0.026     0.884 r  clk_IBUF_BUFG_inst/O
                         net (fo=237, routed)         0.562     1.445    u_dht11/CLK
    SLICE_X57Y63         FDSE                                         r  u_dht11/drive_low_reg/C
  -------------------------------------------------------------------    -------------------
    SLICE_X57Y63         FDSE (Prop_fdse_C_Q)         0.141     1.586 r  u_dht11/drive_low_reg/Q
                         net (fo=2, routed)           1.203     2.789    jA1_IOBUF_inst/T
    J1                   OBUFT (TriStatD_obuft_T_O)
                                                      0.824     3.613 r  jA1_IOBUF_inst/OBUFT/O
                         net (fo=1, unset)            0.000     3.613    jA1
    J1                                                                r  jA1 (INOUT)
  -------------------------------------------------------------------    -------------------

Slack:                    inf
  Source:                 u_buzzer/buzzer_out_reg/C
                            (rising edge-triggered cell FDRE clocked by sys_clk_pin  {rise@0.000ns fall@5.000ns period=10.000ns})
  Destination:            buzzer_out
                            (output port)
  Path Group:             (none)
  Path Type:              Min at Fast Process Corner
  Data Path Delay:        2.756ns  (logic 1.381ns (50.110%)  route 1.375ns (49.891%))
  Logic Levels:           1  (OBUF=1)
  Clock Uncertainty:      0.025ns  ((TSJ^2 + TIJ^2)^1/2 + DJ) / 2 + PE
    Total System Jitter     (TSJ):    0.050ns
    Total Input Jitter      (TIJ):    0.000ns
    Discrete Jitter          (DJ):    0.000ns
    Phase Error              (PE):    0.000ns

    Location             Delay type                Incr(ns)  Path(ns)    Netlist Resource(s)
  -------------------------------------------------------------------    -------------------
                         (clock sys_clk_pin rise edge)
                                                      0.000     0.000 r  
    W5                                                0.000     0.000 r  clk (IN)
                         net (fo=0)                   0.000     0.000    clk
    W5                   IBUF (Prop_ibuf_I_O)         0.226     0.226 r  clk_IBUF_inst/O
                         net (fo=1, routed)           0.631     0.858    clk_IBUF
    BUFGCTRL_X0Y0        BUFG (Prop_bufg_I_O)         0.026     0.884 r  clk_IBUF_BUFG_inst/O
                         net (fo=237, routed)         0.561     1.444    u_buzzer/CLK
    SLICE_X34Y50         FDRE                                         r  u_buzzer/buzzer_out_reg/C
  -------------------------------------------------------------------    -------------------
    SLICE_X34Y50         FDRE (Prop_fdre_C_Q)         0.164     1.608 r  u_buzzer/buzzer_out_reg/Q
                         net (fo=1, routed)           1.375     2.983    buzzer_out_OBUF
    L2                   OBUF (Prop_obuf_I_O)         1.217     4.200 r  buzzer_out_OBUF_inst/O
                         net (fo=0)                   0.000     4.200    buzzer_out
    L2                                                                r  buzzer_out (OUT)
  -------------------------------------------------------------------    -------------------

Slack:                    inf
  Source:                 u_ssd/digit_sel_reg[0]/C
                            (rising edge-triggered cell FDRE clocked by sys_clk_pin  {rise@0.000ns fall@5.000ns period=10.000ns})
  Destination:            an[1]
                            (output port)
  Path Group:             (none)
  Path Type:              Min at Fast Process Corner
  Data Path Delay:        2.905ns  (logic 1.386ns (47.724%)  route 1.519ns (52.276%))
  Logic Levels:           2  (LUT2=1 OBUF=1)
  Clock Uncertainty:      0.025ns  ((TSJ^2 + TIJ^2)^1/2 + DJ) / 2 + PE
    Total System Jitter     (TSJ):    0.050ns
    Total Input Jitter      (TIJ):    0.000ns
    Discrete Jitter          (DJ):    0.000ns
    Phase Error              (PE):    0.000ns

    Location             Delay type                Incr(ns)  Path(ns)    Netlist Resource(s)
  -------------------------------------------------------------------    -------------------
                         (clock sys_clk_pin rise edge)
                                                      0.000     0.000 r  
    W5                                                0.000     0.000 r  clk (IN)
                         net (fo=0)                   0.000     0.000    clk
    W5                   IBUF (Prop_ibuf_I_O)         0.226     0.226 r  clk_IBUF_inst/O
                         net (fo=1, routed)           0.631     0.858    clk_IBUF
    BUFGCTRL_X0Y0        BUFG (Prop_bufg_I_O)         0.026     0.884 r  clk_IBUF_BUFG_inst/O
                         net (fo=237, routed)         0.561     1.444    u_ssd/CLK
    SLICE_X37Y54         FDRE                                         r  u_ssd/digit_sel_reg[0]/C
  -------------------------------------------------------------------    -------------------
    SLICE_X37Y54         FDRE (Prop_fdre_C_Q)         0.141     1.585 f  u_ssd/digit_sel_reg[0]/Q
                         net (fo=23, routed)          0.294     1.880    u_ssd/sel0[0]
    SLICE_X38Y56         LUT2 (Prop_lut2_I1_O)        0.045     1.925 r  u_ssd/an_OBUF[1]_inst_i_1/O
                         net (fo=5, routed)           1.224     3.149    an_OBUF[1]
    U4                   OBUF (Prop_obuf_I_O)         1.200     4.349 r  an_OBUF[1]_inst/O
                         net (fo=0)                   0.000     4.349    an[1]
    U4                                                                r  an[1] (OUT)
  -------------------------------------------------------------------    -------------------

Slack:                    inf
  Source:                 u_ssd/digit_sel_reg[1]/C
                            (rising edge-triggered cell FDRE clocked by sys_clk_pin  {rise@0.000ns fall@5.000ns period=10.000ns})
  Destination:            an[3]
                            (output port)
  Path Group:             (none)
  Path Type:              Min at Fast Process Corner
  Data Path Delay:        2.935ns  (logic 1.397ns (47.604%)  route 1.538ns (52.396%))
  Logic Levels:           2  (LUT2=1 OBUF=1)
  Clock Uncertainty:      0.025ns  ((TSJ^2 + TIJ^2)^1/2 + DJ) / 2 + PE
    Total System Jitter     (TSJ):    0.050ns
    Total Input Jitter      (TIJ):    0.000ns
    Discrete Jitter          (DJ):    0.000ns
    Phase Error              (PE):    0.000ns

    Location             Delay type                Incr(ns)  Path(ns)    Netlist Resource(s)
  -------------------------------------------------------------------    -------------------
                         (clock sys_clk_pin rise edge)
                                                      0.000     0.000 r  
    W5                                                0.000     0.000 r  clk (IN)
                         net (fo=0)                   0.000     0.000    clk
    W5                   IBUF (Prop_ibuf_I_O)         0.226     0.226 r  clk_IBUF_inst/O
                         net (fo=1, routed)           0.631     0.858    clk_IBUF
    BUFGCTRL_X0Y0        BUFG (Prop_bufg_I_O)         0.026     0.884 r  clk_IBUF_BUFG_inst/O
                         net (fo=237, routed)         0.561     1.444    u_ssd/CLK
    SLICE_X41Y53         FDRE                                         r  u_ssd/digit_sel_reg[1]/C
  -------------------------------------------------------------------    -------------------
    SLICE_X41Y53         FDRE (Prop_fdre_C_Q)         0.141     1.585 f  u_ssd/digit_sel_reg[1]/Q
                         net (fo=22, routed)          0.330     1.915    u_ssd/sel0[1]
    SLICE_X37Y54         LUT2 (Prop_lut2_I1_O)        0.045     1.960 r  u_ssd/an_OBUF[3]_inst_i_1/O
                         net (fo=2, routed)           1.208     3.168    an_OBUF[3]
    W4                   OBUF (Prop_obuf_I_O)         1.211     4.380 r  an_OBUF[3]_inst/O
                         net (fo=0)                   0.000     4.380    an[3]
    W4                                                                r  an[3] (OUT)
  -------------------------------------------------------------------    -------------------

Slack:                    inf
  Source:                 u_ssd/digit_sel_reg[1]/C
                            (rising edge-triggered cell FDRE clocked by sys_clk_pin  {rise@0.000ns fall@5.000ns period=10.000ns})
  Destination:            seg[1]
                            (output port)
  Path Group:             (none)
  Path Type:              Min at Fast Process Corner
  Data Path Delay:        2.938ns  (logic 1.461ns (49.728%)  route 1.477ns (50.272%))
  Logic Levels:           3  (LUT4=1 LUT6=1 OBUF=1)
  Clock Uncertainty:      0.025ns  ((TSJ^2 + TIJ^2)^1/2 + DJ) / 2 + PE
    Total System Jitter     (TSJ):    0.050ns
    Total Input Jitter      (TIJ):    0.000ns
    Discrete Jitter          (DJ):    0.000ns
    Phase Error              (PE):    0.000ns

    Location             Delay type                Incr(ns)  Path(ns)    Netlist Resource(s)
  -------------------------------------------------------------------    -------------------
                         (clock sys_clk_pin rise edge)
                                                      0.000     0.000 r  
    W5                                                0.000     0.000 r  clk (IN)
                         net (fo=0)                   0.000     0.000    clk
    W5                   IBUF (Prop_ibuf_I_O)         0.226     0.226 r  clk_IBUF_inst/O
                         net (fo=1, routed)           0.631     0.858    clk_IBUF
    BUFGCTRL_X0Y0        BUFG (Prop_bufg_I_O)         0.026     0.884 r  clk_IBUF_BUFG_inst/O
                         net (fo=237, routed)         0.561     1.444    u_ssd/CLK
    SLICE_X41Y53         FDRE                                         r  u_ssd/digit_sel_reg[1]/C
  -------------------------------------------------------------------    -------------------
    SLICE_X41Y53         FDRE (Prop_fdre_C_Q)         0.141     1.585 r  u_ssd/digit_sel_reg[1]/Q
                         net (fo=22, routed)          0.109     1.694    u_dht11/sel0[1]
    SLICE_X40Y53         LUT4 (Prop_lut4_I3_O)        0.045     1.739 r  u_dht11/seg_OBUF[1]_inst_i_3/O
                         net (fo=1, routed)           0.225     1.964    u_dht11/seg_OBUF[1]_inst_i_3_n_0
    SLICE_X40Y53         LUT6 (Prop_lut6_I4_O)        0.045     2.009 r  u_dht11/seg_OBUF[1]_inst_i_1/O
                         net (fo=1, routed)           1.143     3.152    seg_OBUF[1]
    W6                   OBUF (Prop_obuf_I_O)         1.230     4.382 r  seg_OBUF[1]_inst/O
                         net (fo=0)                   0.000     4.382    seg[1]
    W6                                                                r  seg[1] (OUT)
  -------------------------------------------------------------------    -------------------

Slack:                    inf
  Source:                 u_ssd/digit_sel_reg[0]/C
                            (rising edge-triggered cell FDRE clocked by sys_clk_pin  {rise@0.000ns fall@5.000ns period=10.000ns})
  Destination:            an[0]
                            (output port)
  Path Group:             (none)
  Path Type:              Min at Fast Process Corner
  Data Path Delay:        2.958ns  (logic 1.390ns (46.992%)  route 1.568ns (53.008%))
  Logic Levels:           2  (LUT2=1 OBUF=1)
  Clock Uncertainty:      0.025ns  ((TSJ^2 + TIJ^2)^1/2 + DJ) / 2 + PE
    Total System Jitter     (TSJ):    0.050ns
    Total Input Jitter      (TIJ):    0.000ns
    Discrete Jitter          (DJ):    0.000ns
    Phase Error              (PE):    0.000ns

    Location             Delay type                Incr(ns)  Path(ns)    Netlist Resource(s)
  -------------------------------------------------------------------    -------------------
                         (clock sys_clk_pin rise edge)
                                                      0.000     0.000 r  
    W5                                                0.000     0.000 r  clk (IN)
                         net (fo=0)                   0.000     0.000    clk
    W5                   IBUF (Prop_ibuf_I_O)         0.226     0.226 r  clk_IBUF_inst/O
                         net (fo=1, routed)           0.631     0.858    clk_IBUF
    BUFGCTRL_X0Y0        BUFG (Prop_bufg_I_O)         0.026     0.884 r  clk_IBUF_BUFG_inst/O
                         net (fo=237, routed)         0.561     1.444    u_ssd/CLK
    SLICE_X37Y54         FDRE                                         r  u_ssd/digit_sel_reg[0]/C
  -------------------------------------------------------------------    -------------------
    SLICE_X37Y54         FDRE (Prop_fdre_C_Q)         0.141     1.585 r  u_ssd/digit_sel_reg[0]/Q
                         net (fo=23, routed)          0.414     2.000    u_ssd/sel0[0]
    SLICE_X39Y56         LUT2 (Prop_lut2_I0_O)        0.045     2.045 r  u_ssd/an_OBUF[0]_inst_i_1/O
                         net (fo=1, routed)           1.154     3.198    an_OBUF[0]
    U2                   OBUF (Prop_obuf_I_O)         1.204     4.402 r  an_OBUF[0]_inst/O
                         net (fo=0)                   0.000     4.402    an[0]
    U2                                                                r  an[0] (OUT)
  -------------------------------------------------------------------    -------------------

Slack:                    inf
  Source:                 u_unit_timer/unit_sel_reg[1]/C
                            (rising edge-triggered cell FDRE clocked by sys_clk_pin  {rise@0.000ns fall@5.000ns period=10.000ns})
  Destination:            seg[0]
                            (output port)
  Path Group:             (none)
  Path Type:              Min at Fast Process Corner
  Data Path Delay:        2.975ns  (logic 1.503ns (50.515%)  route 1.472ns (49.485%))
  Logic Levels:           3  (LUT6=2 OBUF=1)
  Clock Uncertainty:      0.025ns  ((TSJ^2 + TIJ^2)^1/2 + DJ) / 2 + PE
    Total System Jitter     (TSJ):    0.050ns
    Total Input Jitter      (TIJ):    0.000ns
    Discrete Jitter          (DJ):    0.000ns
    Phase Error              (PE):    0.000ns

    Location             Delay type                Incr(ns)  Path(ns)    Netlist Resource(s)
  -------------------------------------------------------------------    -------------------
                         (clock sys_clk_pin rise edge)
                                                      0.000     0.000 r  
    W5                                                0.000     0.000 r  clk (IN)
                         net (fo=0)                   0.000     0.000    clk
    W5                   IBUF (Prop_ibuf_I_O)         0.226     0.226 r  clk_IBUF_inst/O
                         net (fo=1, routed)           0.631     0.858    clk_IBUF
    BUFGCTRL_X0Y0        BUFG (Prop_bufg_I_O)         0.026     0.884 r  clk_IBUF_BUFG_inst/O
                         net (fo=237, routed)         0.561     1.444    u_unit_timer/CLK
    SLICE_X38Y53         FDRE                                         r  u_unit_timer/unit_sel_reg[1]/C
  -------------------------------------------------------------------    -------------------
    SLICE_X38Y53         FDRE (Prop_fdre_C_Q)         0.148     1.592 r  u_unit_timer/unit_sel_reg[1]/Q
                         net (fo=22, routed)          0.189     1.781    u_ssd/unit_sel[1]
    SLICE_X38Y55         LUT6 (Prop_lut6_I3_O)        0.098     1.879 r  u_ssd/seg_OBUF[0]_inst_i_2/O
                         net (fo=1, routed)           0.168     2.048    u_dht11/seg[0]
    SLICE_X41Y53         LUT6 (Prop_lut6_I4_O)        0.045     2.093 r  u_dht11/seg_OBUF[0]_inst_i_1/O
                         net (fo=1, routed)           1.115     3.207    seg_OBUF[0]
    W7                   OBUF (Prop_obuf_I_O)         1.212     4.419 r  seg_OBUF[0]_inst/O
                         net (fo=0)                   0.000     4.419    seg[0]
    W7                                                                r  seg[0] (OUT)
  -------------------------------------------------------------------    -------------------

Slack:                    inf
  Source:                 u_ssd/digit_sel_reg[1]/C
                            (rising edge-triggered cell FDRE clocked by sys_clk_pin  {rise@0.000ns fall@5.000ns period=10.000ns})
  Destination:            an[2]
                            (output port)
  Path Group:             (none)
  Path Type:              Min at Fast Process Corner
  Data Path Delay:        3.049ns  (logic 1.410ns (46.240%)  route 1.639ns (53.760%))
  Logic Levels:           2  (LUT2=1 OBUF=1)
  Clock Uncertainty:      0.025ns  ((TSJ^2 + TIJ^2)^1/2 + DJ) / 2 + PE
    Total System Jitter     (TSJ):    0.050ns
    Total Input Jitter      (TIJ):    0.000ns
    Discrete Jitter          (DJ):    0.000ns
    Phase Error              (PE):    0.000ns

    Location             Delay type                Incr(ns)  Path(ns)    Netlist Resource(s)
  -------------------------------------------------------------------    -------------------
                         (clock sys_clk_pin rise edge)
                                                      0.000     0.000 r  
    W5                                                0.000     0.000 r  clk (IN)
                         net (fo=0)                   0.000     0.000    clk
    W5                   IBUF (Prop_ibuf_I_O)         0.226     0.226 r  clk_IBUF_inst/O
                         net (fo=1, routed)           0.631     0.858    clk_IBUF
    BUFGCTRL_X0Y0        BUFG (Prop_bufg_I_O)         0.026     0.884 r  clk_IBUF_BUFG_inst/O
                         net (fo=237, routed)         0.561     1.444    u_ssd/CLK
    SLICE_X41Y53         FDRE                                         r  u_ssd/digit_sel_reg[1]/C
  -------------------------------------------------------------------    -------------------
    SLICE_X41Y53         FDRE (Prop_fdre_C_Q)         0.141     1.585 f  u_ssd/digit_sel_reg[1]/Q
                         net (fo=22, routed)          0.412     1.998    u_ssd/sel0[1]
    SLICE_X39Y55         LUT2 (Prop_lut2_I1_O)        0.045     2.043 r  u_ssd/an_OBUF[2]_inst_i_1/O
                         net (fo=2, routed)           1.227     3.269    an_OBUF[2]
    V4                   OBUF (Prop_obuf_I_O)         1.224     4.493 r  an_OBUF[2]_inst/O
                         net (fo=0)                   0.000     4.493    an[2]
    V4                                                                r  an[2] (OUT)
  -------------------------------------------------------------------    -------------------

Slack:                    inf
  Source:                 u_ssd/digit_sel_reg[1]/C
                            (rising edge-triggered cell FDRE clocked by sys_clk_pin  {rise@0.000ns fall@5.000ns period=10.000ns})
  Destination:            seg[3]
                            (output port)
  Path Group:             (none)
  Path Type:              Min at Fast Process Corner
  Data Path Delay:        3.055ns  (logic 1.532ns (50.166%)  route 1.522ns (49.834%))
  Logic Levels:           3  (LUT5=1 LUT6=1 OBUF=1)
  Clock Uncertainty:      0.025ns  ((TSJ^2 + TIJ^2)^1/2 + DJ) / 2 + PE
    Total System Jitter     (TSJ):    0.050ns
    Total Input Jitter      (TIJ):    0.000ns
    Discrete Jitter          (DJ):    0.000ns
    Phase Error              (PE):    0.000ns

    Location             Delay type                Incr(ns)  Path(ns)    Netlist Resource(s)
  -------------------------------------------------------------------    -------------------
                         (clock sys_clk_pin rise edge)
                                                      0.000     0.000 r  
    W5                                                0.000     0.000 r  clk (IN)
                         net (fo=0)                   0.000     0.000    clk
    W5                   IBUF (Prop_ibuf_I_O)         0.226     0.226 r  clk_IBUF_inst/O
                         net (fo=1, routed)           0.631     0.858    clk_IBUF
    BUFGCTRL_X0Y0        BUFG (Prop_bufg_I_O)         0.026     0.884 r  clk_IBUF_BUFG_inst/O
                         net (fo=237, routed)         0.561     1.444    u_ssd/CLK
    SLICE_X41Y53         FDRE                                         r  u_ssd/digit_sel_reg[1]/C
  -------------------------------------------------------------------    -------------------
    SLICE_X41Y53         FDRE (Prop_fdre_C_Q)         0.141     1.585 r  u_ssd/digit_sel_reg[1]/Q
                         net (fo=22, routed)          0.109     1.694    u_dht11/sel0[1]
    SLICE_X40Y53         LUT5 (Prop_lut5_I0_O)        0.048     1.742 r  u_dht11/seg_OBUF[3]_inst_i_6/O
                         net (fo=1, routed)           0.119     1.861    u_ssd/seg[3]_0
    SLICE_X38Y54         LUT6 (Prop_lut6_I4_O)        0.107     1.968 r  u_ssd/seg_OBUF[3]_inst_i_1/O
                         net (fo=1, routed)           1.294     3.262    seg_OBUF[3]
    V8                   OBUF (Prop_obuf_I_O)         1.236     4.499 r  seg_OBUF[3]_inst/O
                         net (fo=0)                   0.000     4.499    seg[3]
    V8                                                                r  seg[3] (OUT)
  -------------------------------------------------------------------    -------------------

Slack:                    inf
  Source:                 u_unit_timer/unit_sel_reg[0]/C
                            (rising edge-triggered cell FDRE clocked by sys_clk_pin  {rise@0.000ns fall@5.000ns period=10.000ns})
  Destination:            seg[2]
                            (output port)
  Path Group:             (none)
  Path Type:              Min at Fast Process Corner
  Data Path Delay:        3.170ns  (logic 1.490ns (47.007%)  route 1.680ns (52.993%))
  Logic Levels:           3  (LUT5=1 LUT6=1 OBUF=1)
  Clock Uncertainty:      0.025ns  ((TSJ^2 + TIJ^2)^1/2 + DJ) / 2 + PE
    Total System Jitter     (TSJ):    0.050ns
    Total Input Jitter      (TIJ):    0.000ns
    Discrete Jitter          (DJ):    0.000ns
    Phase Error              (PE):    0.000ns

    Location             Delay type                Incr(ns)  Path(ns)    Netlist Resource(s)
  -------------------------------------------------------------------    -------------------
                         (clock sys_clk_pin rise edge)
                                                      0.000     0.000 r  
    W5                                                0.000     0.000 r  clk (IN)
                         net (fo=0)                   0.000     0.000    clk
    W5                   IBUF (Prop_ibuf_I_O)         0.226     0.226 r  clk_IBUF_inst/O
                         net (fo=1, routed)           0.631     0.858    clk_IBUF
    BUFGCTRL_X0Y0        BUFG (Prop_bufg_I_O)         0.026     0.884 r  clk_IBUF_BUFG_inst/O
                         net (fo=237, routed)         0.561     1.444    u_unit_timer/CLK
    SLICE_X38Y53         FDRE                                         r  u_unit_timer/unit_sel_reg[0]/C
  -------------------------------------------------------------------    -------------------
    SLICE_X38Y53         FDRE (Prop_fdre_C_Q)         0.164     1.608 r  u_unit_timer/unit_sel_reg[0]/Q
                         net (fo=20, routed)          0.235     1.843    u_ssd/unit_sel[0]
    SLICE_X37Y54         LUT5 (Prop_lut5_I0_O)        0.045     1.888 r  u_ssd/seg_OBUF[2]_inst_i_4/O
                         net (fo=2, routed)           0.253     2.141    u_dht11/seg[1]_0
    SLICE_X40Y53         LUT6 (Prop_lut6_I4_O)        0.045     2.186 r  u_dht11/seg_OBUF[2]_inst_i_1/O
                         net (fo=1, routed)           1.192     3.378    seg_OBUF[2]
    U8                   OBUF (Prop_obuf_I_O)         1.236     4.614 r  seg_OBUF[2]_inst/O
                         net (fo=0)                   0.000     4.614    seg[2]
    U8                                                                r  seg[2] (OUT)
  -------------------------------------------------------------------    -------------------





--------------------------------------------------------------------------------------
Path Group:  (none)
From Clock:  
  To Clock:  sys_clk_pin

Max Delay           238 Endpoints
Min Delay           238 Endpoints
--------------------------------------------------------------------------------------


Max Delay Paths
--------------------------------------------------------------------------------------
Slack:                    inf
  Source:                 rst
                            (input port)
  Destination:            trigger_cnt_reg[0]/R
                            (rising edge-triggered cell FDRE clocked by sys_clk_pin  {rise@0.000ns fall@5.000ns period=10.000ns})
  Path Group:             (none)
  Path Type:              Setup (Max at Slow Process Corner)
  Data Path Delay:        8.249ns  (logic 1.565ns (18.975%)  route 6.684ns (81.025%))
  Logic Levels:           2  (IBUF=1 LUT5=1)
  Clock Path Skew:        4.783ns (DCD - SCD + CPR)
    Destination Clock Delay (DCD):    4.783ns
    Source Clock Delay      (SCD):    0.000ns
    Clock Pessimism Removal (CPR):    0.000ns
  Clock Uncertainty:      0.025ns  ((TSJ^2 + TIJ^2)^1/2 + DJ) / 2 + PE
    Total System Jitter     (TSJ):    0.050ns
    Total Input Jitter      (TIJ):    0.000ns
    Discrete Jitter          (DJ):    0.000ns
    Phase Error              (PE):    0.000ns

    Location             Delay type                Incr(ns)  Path(ns)    Netlist Resource(s)
  -------------------------------------------------------------------    -------------------
    U18                                               0.000     0.000 r  rst (IN)
                         net (fo=0)                   0.000     0.000    rst
    U18                  IBUF (Prop_ibuf_I_O)         1.441     1.441 r  rst_IBUF_inst/O
                         net (fo=165, routed)         5.870     7.312    rst_IBUF
    SLICE_X55Y58         LUT5 (Prop_lut5_I4_O)        0.124     7.436 r  trigger_cnt[0]_i_1/O
                         net (fo=28, routed)          0.814     8.249    trigger_cnt[0]_i_1_n_0
    SLICE_X54Y53         FDRE                                         r  trigger_cnt_reg[0]/R
  -------------------------------------------------------------------    -------------------

                         (clock sys_clk_pin rise edge)
                                                      0.000     0.000 r  
    W5                                                0.000     0.000 r  clk (IN)
                         net (fo=0)                   0.000     0.000    clk
    W5                   IBUF (Prop_ibuf_I_O)         1.388     1.388 r  clk_IBUF_inst/O
                         net (fo=1, routed)           1.862     3.250    clk_IBUF
    BUFGCTRL_X0Y0        BUFG (Prop_bufg_I_O)         0.091     3.341 r  clk_IBUF_BUFG_inst/O
                         net (fo=237, routed)         1.442     4.783    clk_IBUF_BUFG
    SLICE_X54Y53         FDRE                                         r  trigger_cnt_reg[0]/C

Slack:                    inf
  Source:                 rst
                            (input port)
  Destination:            trigger_cnt_reg[1]/R
                            (rising edge-triggered cell FDRE clocked by sys_clk_pin  {rise@0.000ns fall@5.000ns period=10.000ns})
  Path Group:             (none)
  Path Type:              Setup (Max at Slow Process Corner)
  Data Path Delay:        8.249ns  (logic 1.565ns (18.975%)  route 6.684ns (81.025%))
  Logic Levels:           2  (IBUF=1 LUT5=1)
  Clock Path Skew:        4.783ns (DCD - SCD + CPR)
    Destination Clock Delay (DCD):    4.783ns
    Source Clock Delay      (SCD):    0.000ns
    Clock Pessimism Removal (CPR):    0.000ns
  Clock Uncertainty:      0.025ns  ((TSJ^2 + TIJ^2)^1/2 + DJ) / 2 + PE
    Total System Jitter     (TSJ):    0.050ns
    Total Input Jitter      (TIJ):    0.000ns
    Discrete Jitter          (DJ):    0.000ns
    Phase Error              (PE):    0.000ns

    Location             Delay type                Incr(ns)  Path(ns)    Netlist Resource(s)
  -------------------------------------------------------------------    -------------------
    U18                                               0.000     0.000 r  rst (IN)
                         net (fo=0)                   0.000     0.000    rst
    U18                  IBUF (Prop_ibuf_I_O)         1.441     1.441 r  rst_IBUF_inst/O
                         net (fo=165, routed)         5.870     7.312    rst_IBUF
    SLICE_X55Y58         LUT5 (Prop_lut5_I4_O)        0.124     7.436 r  trigger_cnt[0]_i_1/O
                         net (fo=28, routed)          0.814     8.249    trigger_cnt[0]_i_1_n_0
    SLICE_X54Y53         FDRE                                         r  trigger_cnt_reg[1]/R
  -------------------------------------------------------------------    -------------------

                         (clock sys_clk_pin rise edge)
                                                      0.000     0.000 r  
    W5                                                0.000     0.000 r  clk (IN)
                         net (fo=0)                   0.000     0.000    clk
    W5                   IBUF (Prop_ibuf_I_O)         1.388     1.388 r  clk_IBUF_inst/O
                         net (fo=1, routed)           1.862     3.250    clk_IBUF
    BUFGCTRL_X0Y0        BUFG (Prop_bufg_I_O)         0.091     3.341 r  clk_IBUF_BUFG_inst/O
                         net (fo=237, routed)         1.442     4.783    clk_IBUF_BUFG
    SLICE_X54Y53         FDRE                                         r  trigger_cnt_reg[1]/C

Slack:                    inf
  Source:                 rst
                            (input port)
  Destination:            trigger_cnt_reg[2]/R
                            (rising edge-triggered cell FDRE clocked by sys_clk_pin  {rise@0.000ns fall@5.000ns period=10.000ns})
  Path Group:             (none)
  Path Type:              Setup (Max at Slow Process Corner)
  Data Path Delay:        8.249ns  (logic 1.565ns (18.975%)  route 6.684ns (81.025%))
  Logic Levels:           2  (IBUF=1 LUT5=1)
  Clock Path Skew:        4.783ns (DCD - SCD + CPR)
    Destination Clock Delay (DCD):    4.783ns
    Source Clock Delay      (SCD):    0.000ns
    Clock Pessimism Removal (CPR):    0.000ns
  Clock Uncertainty:      0.025ns  ((TSJ^2 + TIJ^2)^1/2 + DJ) / 2 + PE
    Total System Jitter     (TSJ):    0.050ns
    Total Input Jitter      (TIJ):    0.000ns
    Discrete Jitter          (DJ):    0.000ns
    Phase Error              (PE):    0.000ns

    Location             Delay type                Incr(ns)  Path(ns)    Netlist Resource(s)
  -------------------------------------------------------------------    -------------------
    U18                                               0.000     0.000 r  rst (IN)
                         net (fo=0)                   0.000     0.000    rst
    U18                  IBUF (Prop_ibuf_I_O)         1.441     1.441 r  rst_IBUF_inst/O
                         net (fo=165, routed)         5.870     7.312    rst_IBUF
    SLICE_X55Y58         LUT5 (Prop_lut5_I4_O)        0.124     7.436 r  trigger_cnt[0]_i_1/O
                         net (fo=28, routed)          0.814     8.249    trigger_cnt[0]_i_1_n_0
    SLICE_X54Y53         FDRE                                         r  trigger_cnt_reg[2]/R
  -------------------------------------------------------------------    -------------------

                         (clock sys_clk_pin rise edge)
                                                      0.000     0.000 r  
    W5                                                0.000     0.000 r  clk (IN)
                         net (fo=0)                   0.000     0.000    clk
    W5                   IBUF (Prop_ibuf_I_O)         1.388     1.388 r  clk_IBUF_inst/O
                         net (fo=1, routed)           1.862     3.250    clk_IBUF
    BUFGCTRL_X0Y0        BUFG (Prop_bufg_I_O)         0.091     3.341 r  clk_IBUF_BUFG_inst/O
                         net (fo=237, routed)         1.442     4.783    clk_IBUF_BUFG
    SLICE_X54Y53         FDRE                                         r  trigger_cnt_reg[2]/C

Slack:                    inf
  Source:                 rst
                            (input port)
  Destination:            trigger_cnt_reg[3]/R
                            (rising edge-triggered cell FDRE clocked by sys_clk_pin  {rise@0.000ns fall@5.000ns period=10.000ns})
  Path Group:             (none)
  Path Type:              Setup (Max at Slow Process Corner)
  Data Path Delay:        8.249ns  (logic 1.565ns (18.975%)  route 6.684ns (81.025%))
  Logic Levels:           2  (IBUF=1 LUT5=1)
  Clock Path Skew:        4.783ns (DCD - SCD + CPR)
    Destination Clock Delay (DCD):    4.783ns
    Source Clock Delay      (SCD):    0.000ns
    Clock Pessimism Removal (CPR):    0.000ns
  Clock Uncertainty:      0.025ns  ((TSJ^2 + TIJ^2)^1/2 + DJ) / 2 + PE
    Total System Jitter     (TSJ):    0.050ns
    Total Input Jitter      (TIJ):    0.000ns
    Discrete Jitter          (DJ):    0.000ns
    Phase Error              (PE):    0.000ns

    Location             Delay type                Incr(ns)  Path(ns)    Netlist Resource(s)
  -------------------------------------------------------------------    -------------------
    U18                                               0.000     0.000 r  rst (IN)
                         net (fo=0)                   0.000     0.000    rst
    U18                  IBUF (Prop_ibuf_I_O)         1.441     1.441 r  rst_IBUF_inst/O
                         net (fo=165, routed)         5.870     7.312    rst_IBUF
    SLICE_X55Y58         LUT5 (Prop_lut5_I4_O)        0.124     7.436 r  trigger_cnt[0]_i_1/O
                         net (fo=28, routed)          0.814     8.249    trigger_cnt[0]_i_1_n_0
    SLICE_X54Y53         FDRE                                         r  trigger_cnt_reg[3]/R
  -------------------------------------------------------------------    -------------------

                         (clock sys_clk_pin rise edge)
                                                      0.000     0.000 r  
    W5                                                0.000     0.000 r  clk (IN)
                         net (fo=0)                   0.000     0.000    clk
    W5                   IBUF (Prop_ibuf_I_O)         1.388     1.388 r  clk_IBUF_inst/O
                         net (fo=1, routed)           1.862     3.250    clk_IBUF
    BUFGCTRL_X0Y0        BUFG (Prop_bufg_I_O)         0.091     3.341 r  clk_IBUF_BUFG_inst/O
                         net (fo=237, routed)         1.442     4.783    clk_IBUF_BUFG
    SLICE_X54Y53         FDRE                                         r  trigger_cnt_reg[3]/C

Slack:                    inf
  Source:                 rst
                            (input port)
  Destination:            trigger_cnt_reg[4]/R
                            (rising edge-triggered cell FDRE clocked by sys_clk_pin  {rise@0.000ns fall@5.000ns period=10.000ns})
  Path Group:             (none)
  Path Type:              Setup (Max at Slow Process Corner)
  Data Path Delay:        8.157ns  (logic 1.565ns (19.189%)  route 6.592ns (80.811%))
  Logic Levels:           2  (IBUF=1 LUT5=1)
  Clock Path Skew:        4.783ns (DCD - SCD + CPR)
    Destination Clock Delay (DCD):    4.783ns
    Source Clock Delay      (SCD):    0.000ns
    Clock Pessimism Removal (CPR):    0.000ns
  Clock Uncertainty:      0.025ns  ((TSJ^2 + TIJ^2)^1/2 + DJ) / 2 + PE
    Total System Jitter     (TSJ):    0.050ns
    Total Input Jitter      (TIJ):    0.000ns
    Discrete Jitter          (DJ):    0.000ns
    Phase Error              (PE):    0.000ns

    Location             Delay type                Incr(ns)  Path(ns)    Netlist Resource(s)
  -------------------------------------------------------------------    -------------------
    U18                                               0.000     0.000 r  rst (IN)
                         net (fo=0)                   0.000     0.000    rst
    U18                  IBUF (Prop_ibuf_I_O)         1.441     1.441 r  rst_IBUF_inst/O
                         net (fo=165, routed)         5.870     7.312    rst_IBUF
    SLICE_X55Y58         LUT5 (Prop_lut5_I4_O)        0.124     7.436 r  trigger_cnt[0]_i_1/O
                         net (fo=28, routed)          0.722     8.157    trigger_cnt[0]_i_1_n_0
    SLICE_X54Y54         FDRE                                         r  trigger_cnt_reg[4]/R
  -------------------------------------------------------------------    -------------------

                         (clock sys_clk_pin rise edge)
                                                      0.000     0.000 r  
    W5                                                0.000     0.000 r  clk (IN)
                         net (fo=0)                   0.000     0.000    clk
    W5                   IBUF (Prop_ibuf_I_O)         1.388     1.388 r  clk_IBUF_inst/O
                         net (fo=1, routed)           1.862     3.250    clk_IBUF
    BUFGCTRL_X0Y0        BUFG (Prop_bufg_I_O)         0.091     3.341 r  clk_IBUF_BUFG_inst/O
                         net (fo=237, routed)         1.442     4.783    clk_IBUF_BUFG
    SLICE_X54Y54         FDRE                                         r  trigger_cnt_reg[4]/C

Slack:                    inf
  Source:                 rst
                            (input port)
  Destination:            trigger_cnt_reg[5]/R
                            (rising edge-triggered cell FDRE clocked by sys_clk_pin  {rise@0.000ns fall@5.000ns period=10.000ns})
  Path Group:             (none)
  Path Type:              Setup (Max at Slow Process Corner)
  Data Path Delay:        8.157ns  (logic 1.565ns (19.189%)  route 6.592ns (80.811%))
  Logic Levels:           2  (IBUF=1 LUT5=1)
  Clock Path Skew:        4.783ns (DCD - SCD + CPR)
    Destination Clock Delay (DCD):    4.783ns
    Source Clock Delay      (SCD):    0.000ns
    Clock Pessimism Removal (CPR):    0.000ns
  Clock Uncertainty:      0.025ns  ((TSJ^2 + TIJ^2)^1/2 + DJ) / 2 + PE
    Total System Jitter     (TSJ):    0.050ns
    Total Input Jitter      (TIJ):    0.000ns
    Discrete Jitter          (DJ):    0.000ns
    Phase Error              (PE):    0.000ns

    Location             Delay type                Incr(ns)  Path(ns)    Netlist Resource(s)
  -------------------------------------------------------------------    -------------------
    U18                                               0.000     0.000 r  rst (IN)
                         net (fo=0)                   0.000     0.000    rst
    U18                  IBUF (Prop_ibuf_I_O)         1.441     1.441 r  rst_IBUF_inst/O
                         net (fo=165, routed)         5.870     7.312    rst_IBUF
    SLICE_X55Y58         LUT5 (Prop_lut5_I4_O)        0.124     7.436 r  trigger_cnt[0]_i_1/O
                         net (fo=28, routed)          0.722     8.157    trigger_cnt[0]_i_1_n_0
    SLICE_X54Y54         FDRE                                         r  trigger_cnt_reg[5]/R
  -------------------------------------------------------------------    -------------------

                         (clock sys_clk_pin rise edge)
                                                      0.000     0.000 r  
    W5                                                0.000     0.000 r  clk (IN)
                         net (fo=0)                   0.000     0.000    clk
    W5                   IBUF (Prop_ibuf_I_O)         1.388     1.388 r  clk_IBUF_inst/O
                         net (fo=1, routed)           1.862     3.250    clk_IBUF
    BUFGCTRL_X0Y0        BUFG (Prop_bufg_I_O)         0.091     3.341 r  clk_IBUF_BUFG_inst/O
                         net (fo=237, routed)         1.442     4.783    clk_IBUF_BUFG
    SLICE_X54Y54         FDRE                                         r  trigger_cnt_reg[5]/C

Slack:                    inf
  Source:                 rst
                            (input port)
  Destination:            trigger_cnt_reg[6]/R
                            (rising edge-triggered cell FDRE clocked by sys_clk_pin  {rise@0.000ns fall@5.000ns period=10.000ns})
  Path Group:             (none)
  Path Type:              Setup (Max at Slow Process Corner)
  Data Path Delay:        8.157ns  (logic 1.565ns (19.189%)  route 6.592ns (80.811%))
  Logic Levels:           2  (IBUF=1 LUT5=1)
  Clock Path Skew:        4.783ns (DCD - SCD + CPR)
    Destination Clock Delay (DCD):    4.783ns
    Source Clock Delay      (SCD):    0.000ns
    Clock Pessimism Removal (CPR):    0.000ns
  Clock Uncertainty:      0.025ns  ((TSJ^2 + TIJ^2)^1/2 + DJ) / 2 + PE
    Total System Jitter     (TSJ):    0.050ns
    Total Input Jitter      (TIJ):    0.000ns
    Discrete Jitter          (DJ):    0.000ns
    Phase Error              (PE):    0.000ns

    Location             Delay type                Incr(ns)  Path(ns)    Netlist Resource(s)
  -------------------------------------------------------------------    -------------------
    U18                                               0.000     0.000 r  rst (IN)
                         net (fo=0)                   0.000     0.000    rst
    U18                  IBUF (Prop_ibuf_I_O)         1.441     1.441 r  rst_IBUF_inst/O
                         net (fo=165, routed)         5.870     7.312    rst_IBUF
    SLICE_X55Y58         LUT5 (Prop_lut5_I4_O)        0.124     7.436 r  trigger_cnt[0]_i_1/O
                         net (fo=28, routed)          0.722     8.157    trigger_cnt[0]_i_1_n_0
    SLICE_X54Y54         FDRE                                         r  trigger_cnt_reg[6]/R
  -------------------------------------------------------------------    -------------------

                         (clock sys_clk_pin rise edge)
                                                      0.000     0.000 r  
    W5                                                0.000     0.000 r  clk (IN)
                         net (fo=0)                   0.000     0.000    clk
    W5                   IBUF (Prop_ibuf_I_O)         1.388     1.388 r  clk_IBUF_inst/O
                         net (fo=1, routed)           1.862     3.250    clk_IBUF
    BUFGCTRL_X0Y0        BUFG (Prop_bufg_I_O)         0.091     3.341 r  clk_IBUF_BUFG_inst/O
                         net (fo=237, routed)         1.442     4.783    clk_IBUF_BUFG
    SLICE_X54Y54         FDRE                                         r  trigger_cnt_reg[6]/C

Slack:                    inf
  Source:                 rst
                            (input port)
  Destination:            trigger_cnt_reg[7]/R
                            (rising edge-triggered cell FDRE clocked by sys_clk_pin  {rise@0.000ns fall@5.000ns period=10.000ns})
  Path Group:             (none)
  Path Type:              Setup (Max at Slow Process Corner)
  Data Path Delay:        8.157ns  (logic 1.565ns (19.189%)  route 6.592ns (80.811%))
  Logic Levels:           2  (IBUF=1 LUT5=1)
  Clock Path Skew:        4.783ns (DCD - SCD + CPR)
    Destination Clock Delay (DCD):    4.783ns
    Source Clock Delay      (SCD):    0.000ns
    Clock Pessimism Removal (CPR):    0.000ns
  Clock Uncertainty:      0.025ns  ((TSJ^2 + TIJ^2)^1/2 + DJ) / 2 + PE
    Total System Jitter     (TSJ):    0.050ns
    Total Input Jitter      (TIJ):    0.000ns
    Discrete Jitter          (DJ):    0.000ns
    Phase Error              (PE):    0.000ns

    Location             Delay type                Incr(ns)  Path(ns)    Netlist Resource(s)
  -------------------------------------------------------------------    -------------------
    U18                                               0.000     0.000 r  rst (IN)
                         net (fo=0)                   0.000     0.000    rst
    U18                  IBUF (Prop_ibuf_I_O)         1.441     1.441 r  rst_IBUF_inst/O
                         net (fo=165, routed)         5.870     7.312    rst_IBUF
    SLICE_X55Y58         LUT5 (Prop_lut5_I4_O)        0.124     7.436 r  trigger_cnt[0]_i_1/O
                         net (fo=28, routed)          0.722     8.157    trigger_cnt[0]_i_1_n_0
    SLICE_X54Y54         FDRE                                         r  trigger_cnt_reg[7]/R
  -------------------------------------------------------------------    -------------------

                         (clock sys_clk_pin rise edge)
                                                      0.000     0.000 r  
    W5                                                0.000     0.000 r  clk (IN)
                         net (fo=0)                   0.000     0.000    clk
    W5                   IBUF (Prop_ibuf_I_O)         1.388     1.388 r  clk_IBUF_inst/O
                         net (fo=1, routed)           1.862     3.250    clk_IBUF
    BUFGCTRL_X0Y0        BUFG (Prop_bufg_I_O)         0.091     3.341 r  clk_IBUF_BUFG_inst/O
                         net (fo=237, routed)         1.442     4.783    clk_IBUF_BUFG
    SLICE_X54Y54         FDRE                                         r  trigger_cnt_reg[7]/C

Slack:                    inf
  Source:                 rst
                            (input port)
  Destination:            trigger_cnt_reg[10]/R
                            (rising edge-triggered cell FDRE clocked by sys_clk_pin  {rise@0.000ns fall@5.000ns period=10.000ns})
  Path Group:             (none)
  Path Type:              Setup (Max at Slow Process Corner)
  Data Path Delay:        8.108ns  (logic 1.565ns (19.305%)  route 6.543ns (80.695%))
  Logic Levels:           2  (IBUF=1 LUT5=1)
  Clock Path Skew:        4.783ns (DCD - SCD + CPR)
    Destination Clock Delay (DCD):    4.783ns
    Source Clock Delay      (SCD):    0.000ns
    Clock Pessimism Removal (CPR):    0.000ns
  Clock Uncertainty:      0.025ns  ((TSJ^2 + TIJ^2)^1/2 + DJ) / 2 + PE
    Total System Jitter     (TSJ):    0.050ns
    Total Input Jitter      (TIJ):    0.000ns
    Discrete Jitter          (DJ):    0.000ns
    Phase Error              (PE):    0.000ns

    Location             Delay type                Incr(ns)  Path(ns)    Netlist Resource(s)
  -------------------------------------------------------------------    -------------------
    U18                                               0.000     0.000 r  rst (IN)
                         net (fo=0)                   0.000     0.000    rst
    U18                  IBUF (Prop_ibuf_I_O)         1.441     1.441 r  rst_IBUF_inst/O
                         net (fo=165, routed)         5.870     7.312    rst_IBUF
    SLICE_X55Y58         LUT5 (Prop_lut5_I4_O)        0.124     7.436 r  trigger_cnt[0]_i_1/O
                         net (fo=28, routed)          0.673     8.108    trigger_cnt[0]_i_1_n_0
    SLICE_X54Y55         FDRE                                         r  trigger_cnt_reg[10]/R
  -------------------------------------------------------------------    -------------------

                         (clock sys_clk_pin rise edge)
                                                      0.000     0.000 r  
    W5                                                0.000     0.000 r  clk (IN)
                         net (fo=0)                   0.000     0.000    clk
    W5                   IBUF (Prop_ibuf_I_O)         1.388     1.388 r  clk_IBUF_inst/O
                         net (fo=1, routed)           1.862     3.250    clk_IBUF
    BUFGCTRL_X0Y0        BUFG (Prop_bufg_I_O)         0.091     3.341 r  clk_IBUF_BUFG_inst/O
                         net (fo=237, routed)         1.442     4.783    clk_IBUF_BUFG
    SLICE_X54Y55         FDRE                                         r  trigger_cnt_reg[10]/C

Slack:                    inf
  Source:                 rst
                            (input port)
  Destination:            trigger_cnt_reg[11]/R
                            (rising edge-triggered cell FDRE clocked by sys_clk_pin  {rise@0.000ns fall@5.000ns period=10.000ns})
  Path Group:             (none)
  Path Type:              Setup (Max at Slow Process Corner)
  Data Path Delay:        8.108ns  (logic 1.565ns (19.305%)  route 6.543ns (80.695%))
  Logic Levels:           2  (IBUF=1 LUT5=1)
  Clock Path Skew:        4.783ns (DCD - SCD + CPR)
    Destination Clock Delay (DCD):    4.783ns
    Source Clock Delay      (SCD):    0.000ns
    Clock Pessimism Removal (CPR):    0.000ns
  Clock Uncertainty:      0.025ns  ((TSJ^2 + TIJ^2)^1/2 + DJ) / 2 + PE
    Total System Jitter     (TSJ):    0.050ns
    Total Input Jitter      (TIJ):    0.000ns
    Discrete Jitter          (DJ):    0.000ns
    Phase Error              (PE):    0.000ns

    Location             Delay type                Incr(ns)  Path(ns)    Netlist Resource(s)
  -------------------------------------------------------------------    -------------------
    U18                                               0.000     0.000 r  rst (IN)
                         net (fo=0)                   0.000     0.000    rst
    U18                  IBUF (Prop_ibuf_I_O)         1.441     1.441 r  rst_IBUF_inst/O
                         net (fo=165, routed)         5.870     7.312    rst_IBUF
    SLICE_X55Y58         LUT5 (Prop_lut5_I4_O)        0.124     7.436 r  trigger_cnt[0]_i_1/O
                         net (fo=28, routed)          0.673     8.108    trigger_cnt[0]_i_1_n_0
    SLICE_X54Y55         FDRE                                         r  trigger_cnt_reg[11]/R
  -------------------------------------------------------------------    -------------------

                         (clock sys_clk_pin rise edge)
                                                      0.000     0.000 r  
    W5                                                0.000     0.000 r  clk (IN)
                         net (fo=0)                   0.000     0.000    clk
    W5                   IBUF (Prop_ibuf_I_O)         1.388     1.388 r  clk_IBUF_inst/O
                         net (fo=1, routed)           1.862     3.250    clk_IBUF
    BUFGCTRL_X0Y0        BUFG (Prop_bufg_I_O)         0.091     3.341 r  clk_IBUF_BUFG_inst/O
                         net (fo=237, routed)         1.442     4.783    clk_IBUF_BUFG
    SLICE_X54Y55         FDRE                                         r  trigger_cnt_reg[11]/C





Min Delay Paths
--------------------------------------------------------------------------------------
Slack:                    inf
  Source:                 jA1
                            (input port)
  Destination:            u_dht11/sync_ff1_reg/D
                            (rising edge-triggered cell FDSE clocked by sys_clk_pin  {rise@0.000ns fall@5.000ns period=10.000ns})
  Path Group:             (none)
  Path Type:              Hold (Min at Fast Process Corner)
  Data Path Delay:        1.183ns  (logic 0.218ns (18.454%)  route 0.965ns (81.546%))
  Logic Levels:           1  (IBUF=1)
  Clock Path Skew:        1.957ns (DCD - SCD - CPR)
    Destination Clock Delay (DCD):    1.957ns
    Source Clock Delay      (SCD):    0.000ns
    Clock Pessimism Removal (CPR):    -0.000ns

    Location             Delay type                Incr(ns)  Path(ns)    Netlist Resource(s)
  -------------------------------------------------------------------    -------------------
    J1                                                0.000     0.000 r  jA1 (INOUT)
                         net (fo=1, unset)            0.000     0.000    jA1_IOBUF_inst/IO
    J1                   IBUF (Prop_ibuf_I_O)         0.218     0.218 r  jA1_IOBUF_inst/IBUF/O
                         net (fo=1, routed)           0.965     1.183    u_dht11/jA1_IBUF
    SLICE_X52Y63         FDSE                                         r  u_dht11/sync_ff1_reg/D
  -------------------------------------------------------------------    -------------------

                         (clock sys_clk_pin rise edge)
                                                      0.000     0.000 r  
    W5                                                0.000     0.000 r  clk (IN)
                         net (fo=0)                   0.000     0.000    clk
    W5                   IBUF (Prop_ibuf_I_O)         0.414     0.414 r  clk_IBUF_inst/O
                         net (fo=1, routed)           0.685     1.099    clk_IBUF
    BUFGCTRL_X0Y0        BUFG (Prop_bufg_I_O)         0.029     1.128 r  clk_IBUF_BUFG_inst/O
                         net (fo=237, routed)         0.829     1.957    u_dht11/CLK
    SLICE_X52Y63         FDSE                                         r  u_dht11/sync_ff1_reg/C

Slack:                    inf
  Source:                 rst
                            (input port)
  Destination:            u_buzzer/beep_cnt_reg[1]/R
                            (rising edge-triggered cell FDRE clocked by sys_clk_pin  {rise@0.000ns fall@5.000ns period=10.000ns})
  Path Group:             (none)
  Path Type:              Hold (Min at Fast Process Corner)
  Data Path Delay:        1.465ns  (logic 0.210ns (14.305%)  route 1.255ns (85.695%))
  Logic Levels:           1  (IBUF=1)
  Clock Path Skew:        1.959ns (DCD - SCD - CPR)
    Destination Clock Delay (DCD):    1.959ns
    Source Clock Delay      (SCD):    0.000ns
    Clock Pessimism Removal (CPR):    -0.000ns

    Location             Delay type                Incr(ns)  Path(ns)    Netlist Resource(s)
  -------------------------------------------------------------------    -------------------
    U18                                               0.000     0.000 r  rst (IN)
                         net (fo=0)                   0.000     0.000    rst
    U18                  IBUF (Prop_ibuf_I_O)         0.210     0.210 r  rst_IBUF_inst/O
                         net (fo=165, routed)         1.255     1.465    u_buzzer/rst_IBUF
    SLICE_X32Y44         FDRE                                         r  u_buzzer/beep_cnt_reg[1]/R
  -------------------------------------------------------------------    -------------------

                         (clock sys_clk_pin rise edge)
                                                      0.000     0.000 r  
    W5                                                0.000     0.000 r  clk (IN)
                         net (fo=0)                   0.000     0.000    clk
    W5                   IBUF (Prop_ibuf_I_O)         0.414     0.414 r  clk_IBUF_inst/O
                         net (fo=1, routed)           0.685     1.099    clk_IBUF
    BUFGCTRL_X0Y0        BUFG (Prop_bufg_I_O)         0.029     1.128 r  clk_IBUF_BUFG_inst/O
                         net (fo=237, routed)         0.832     1.959    u_buzzer/CLK
    SLICE_X32Y44         FDRE                                         r  u_buzzer/beep_cnt_reg[1]/C

Slack:                    inf
  Source:                 rst
                            (input port)
  Destination:            u_buzzer/beep_cnt_reg[2]/R
                            (rising edge-triggered cell FDRE clocked by sys_clk_pin  {rise@0.000ns fall@5.000ns period=10.000ns})
  Path Group:             (none)
  Path Type:              Hold (Min at Fast Process Corner)
  Data Path Delay:        1.465ns  (logic 0.210ns (14.305%)  route 1.255ns (85.695%))
  Logic Levels:           1  (IBUF=1)
  Clock Path Skew:        1.959ns (DCD - SCD - CPR)
    Destination Clock Delay (DCD):    1.959ns
    Source Clock Delay      (SCD):    0.000ns
    Clock Pessimism Removal (CPR):    -0.000ns

    Location             Delay type                Incr(ns)  Path(ns)    Netlist Resource(s)
  -------------------------------------------------------------------    -------------------
    U18                                               0.000     0.000 r  rst (IN)
                         net (fo=0)                   0.000     0.000    rst
    U18                  IBUF (Prop_ibuf_I_O)         0.210     0.210 r  rst_IBUF_inst/O
                         net (fo=165, routed)         1.255     1.465    u_buzzer/rst_IBUF
    SLICE_X32Y44         FDRE                                         r  u_buzzer/beep_cnt_reg[2]/R
  -------------------------------------------------------------------    -------------------

                         (clock sys_clk_pin rise edge)
                                                      0.000     0.000 r  
    W5                                                0.000     0.000 r  clk (IN)
                         net (fo=0)                   0.000     0.000    clk
    W5                   IBUF (Prop_ibuf_I_O)         0.414     0.414 r  clk_IBUF_inst/O
                         net (fo=1, routed)           0.685     1.099    clk_IBUF
    BUFGCTRL_X0Y0        BUFG (Prop_bufg_I_O)         0.029     1.128 r  clk_IBUF_BUFG_inst/O
                         net (fo=237, routed)         0.832     1.959    u_buzzer/CLK
    SLICE_X32Y44         FDRE                                         r  u_buzzer/beep_cnt_reg[2]/C

Slack:                    inf
  Source:                 rst
                            (input port)
  Destination:            u_buzzer/beep_cnt_reg[3]/R
                            (rising edge-triggered cell FDRE clocked by sys_clk_pin  {rise@0.000ns fall@5.000ns period=10.000ns})
  Path Group:             (none)
  Path Type:              Hold (Min at Fast Process Corner)
  Data Path Delay:        1.465ns  (logic 0.210ns (14.305%)  route 1.255ns (85.695%))
  Logic Levels:           1  (IBUF=1)
  Clock Path Skew:        1.959ns (DCD - SCD - CPR)
    Destination Clock Delay (DCD):    1.959ns
    Source Clock Delay      (SCD):    0.000ns
    Clock Pessimism Removal (CPR):    -0.000ns

    Location             Delay type                Incr(ns)  Path(ns)    Netlist Resource(s)
  -------------------------------------------------------------------    -------------------
    U18                                               0.000     0.000 r  rst (IN)
                         net (fo=0)                   0.000     0.000    rst
    U18                  IBUF (Prop_ibuf_I_O)         0.210     0.210 r  rst_IBUF_inst/O
                         net (fo=165, routed)         1.255     1.465    u_buzzer/rst_IBUF
    SLICE_X32Y44         FDRE                                         r  u_buzzer/beep_cnt_reg[3]/R
  -------------------------------------------------------------------    -------------------

                         (clock sys_clk_pin rise edge)
                                                      0.000     0.000 r  
    W5                                                0.000     0.000 r  clk (IN)
                         net (fo=0)                   0.000     0.000    clk
    W5                   IBUF (Prop_ibuf_I_O)         0.414     0.414 r  clk_IBUF_inst/O
                         net (fo=1, routed)           0.685     1.099    clk_IBUF
    BUFGCTRL_X0Y0        BUFG (Prop_bufg_I_O)         0.029     1.128 r  clk_IBUF_BUFG_inst/O
                         net (fo=237, routed)         0.832     1.959    u_buzzer/CLK
    SLICE_X32Y44         FDRE                                         r  u_buzzer/beep_cnt_reg[3]/C

Slack:                    inf
  Source:                 rst
                            (input port)
  Destination:            u_buzzer/beep_cnt_reg[4]/R
                            (rising edge-triggered cell FDRE clocked by sys_clk_pin  {rise@0.000ns fall@5.000ns period=10.000ns})
  Path Group:             (none)
  Path Type:              Hold (Min at Fast Process Corner)
  Data Path Delay:        1.465ns  (logic 0.210ns (14.305%)  route 1.255ns (85.695%))
  Logic Levels:           1  (IBUF=1)
  Clock Path Skew:        1.959ns (DCD - SCD - CPR)
    Destination Clock Delay (DCD):    1.959ns
    Source Clock Delay      (SCD):    0.000ns
    Clock Pessimism Removal (CPR):    -0.000ns

    Location             Delay type                Incr(ns)  Path(ns)    Netlist Resource(s)
  -------------------------------------------------------------------    -------------------
    U18                                               0.000     0.000 r  rst (IN)
                         net (fo=0)                   0.000     0.000    rst
    U18                  IBUF (Prop_ibuf_I_O)         0.210     0.210 r  rst_IBUF_inst/O
                         net (fo=165, routed)         1.255     1.465    u_buzzer/rst_IBUF
    SLICE_X32Y44         FDRE                                         r  u_buzzer/beep_cnt_reg[4]/R
  -------------------------------------------------------------------    -------------------

                         (clock sys_clk_pin rise edge)
                                                      0.000     0.000 r  
    W5                                                0.000     0.000 r  clk (IN)
                         net (fo=0)                   0.000     0.000    clk
    W5                   IBUF (Prop_ibuf_I_O)         0.414     0.414 r  clk_IBUF_inst/O
                         net (fo=1, routed)           0.685     1.099    clk_IBUF
    BUFGCTRL_X0Y0        BUFG (Prop_bufg_I_O)         0.029     1.128 r  clk_IBUF_BUFG_inst/O
                         net (fo=237, routed)         0.832     1.959    u_buzzer/CLK
    SLICE_X32Y44         FDRE                                         r  u_buzzer/beep_cnt_reg[4]/C

Slack:                    inf
  Source:                 rst
                            (input port)
  Destination:            u_buzzer/beep_cnt_reg[0]/R
                            (rising edge-triggered cell FDRE clocked by sys_clk_pin  {rise@0.000ns fall@5.000ns period=10.000ns})
  Path Group:             (none)
  Path Type:              Hold (Min at Fast Process Corner)
  Data Path Delay:        1.530ns  (logic 0.210ns (13.691%)  route 1.321ns (86.309%))
  Logic Levels:           1  (IBUF=1)
  Clock Path Skew:        1.959ns (DCD - SCD - CPR)
    Destination Clock Delay (DCD):    1.959ns
    Source Clock Delay      (SCD):    0.000ns
    Clock Pessimism Removal (CPR):    -0.000ns

    Location             Delay type                Incr(ns)  Path(ns)    Netlist Resource(s)
  -------------------------------------------------------------------    -------------------
    U18                                               0.000     0.000 r  rst (IN)
                         net (fo=0)                   0.000     0.000    rst
    U18                  IBUF (Prop_ibuf_I_O)         0.210     0.210 r  rst_IBUF_inst/O
                         net (fo=165, routed)         1.321     1.530    u_buzzer/rst_IBUF
    SLICE_X32Y45         FDRE                                         r  u_buzzer/beep_cnt_reg[0]/R
  -------------------------------------------------------------------    -------------------

                         (clock sys_clk_pin rise edge)
                                                      0.000     0.000 r  
    W5                                                0.000     0.000 r  clk (IN)
                         net (fo=0)                   0.000     0.000    clk
    W5                   IBUF (Prop_ibuf_I_O)         0.414     0.414 r  clk_IBUF_inst/O
                         net (fo=1, routed)           0.685     1.099    clk_IBUF
    BUFGCTRL_X0Y0        BUFG (Prop_bufg_I_O)         0.029     1.128 r  clk_IBUF_BUFG_inst/O
                         net (fo=237, routed)         0.832     1.959    u_buzzer/CLK
    SLICE_X32Y45         FDRE                                         r  u_buzzer/beep_cnt_reg[0]/C

Slack:                    inf
  Source:                 rst
                            (input port)
  Destination:            u_buzzer/beep_cnt_reg[5]/R
                            (rising edge-triggered cell FDRE clocked by sys_clk_pin  {rise@0.000ns fall@5.000ns period=10.000ns})
  Path Group:             (none)
  Path Type:              Hold (Min at Fast Process Corner)
  Data Path Delay:        1.530ns  (logic 0.210ns (13.691%)  route 1.321ns (86.309%))
  Logic Levels:           1  (IBUF=1)
  Clock Path Skew:        1.959ns (DCD - SCD - CPR)
    Destination Clock Delay (DCD):    1.959ns
    Source Clock Delay      (SCD):    0.000ns
    Clock Pessimism Removal (CPR):    -0.000ns

    Location             Delay type                Incr(ns)  Path(ns)    Netlist Resource(s)
  -------------------------------------------------------------------    -------------------
    U18                                               0.000     0.000 r  rst (IN)
                         net (fo=0)                   0.000     0.000    rst
    U18                  IBUF (Prop_ibuf_I_O)         0.210     0.210 r  rst_IBUF_inst/O
                         net (fo=165, routed)         1.321     1.530    u_buzzer/rst_IBUF
    SLICE_X32Y45         FDRE                                         r  u_buzzer/beep_cnt_reg[5]/R
  -------------------------------------------------------------------    -------------------

                         (clock sys_clk_pin rise edge)
                                                      0.000     0.000 r  
    W5                                                0.000     0.000 r  clk (IN)
                         net (fo=0)                   0.000     0.000    clk
    W5                   IBUF (Prop_ibuf_I_O)         0.414     0.414 r  clk_IBUF_inst/O
                         net (fo=1, routed)           0.685     1.099    clk_IBUF
    BUFGCTRL_X0Y0        BUFG (Prop_bufg_I_O)         0.029     1.128 r  clk_IBUF_BUFG_inst/O
                         net (fo=237, routed)         0.832     1.959    u_buzzer/CLK
    SLICE_X32Y45         FDRE                                         r  u_buzzer/beep_cnt_reg[5]/C

Slack:                    inf
  Source:                 rst
                            (input port)
  Destination:            u_buzzer/beep_cnt_reg[6]/R
                            (rising edge-triggered cell FDRE clocked by sys_clk_pin  {rise@0.000ns fall@5.000ns period=10.000ns})
  Path Group:             (none)
  Path Type:              Hold (Min at Fast Process Corner)
  Data Path Delay:        1.530ns  (logic 0.210ns (13.691%)  route 1.321ns (86.309%))
  Logic Levels:           1  (IBUF=1)
  Clock Path Skew:        1.959ns (DCD - SCD - CPR)
    Destination Clock Delay (DCD):    1.959ns
    Source Clock Delay      (SCD):    0.000ns
    Clock Pessimism Removal (CPR):    -0.000ns

    Location             Delay type                Incr(ns)  Path(ns)    Netlist Resource(s)
  -------------------------------------------------------------------    -------------------
    U18                                               0.000     0.000 r  rst (IN)
                         net (fo=0)                   0.000     0.000    rst
    U18                  IBUF (Prop_ibuf_I_O)         0.210     0.210 r  rst_IBUF_inst/O
                         net (fo=165, routed)         1.321     1.530    u_buzzer/rst_IBUF
    SLICE_X32Y45         FDRE                                         r  u_buzzer/beep_cnt_reg[6]/R
  -------------------------------------------------------------------    -------------------

                         (clock sys_clk_pin rise edge)
                                                      0.000     0.000 r  
    W5                                                0.000     0.000 r  clk (IN)
                         net (fo=0)                   0.000     0.000    clk
    W5                   IBUF (Prop_ibuf_I_O)         0.414     0.414 r  clk_IBUF_inst/O
                         net (fo=1, routed)           0.685     1.099    clk_IBUF
    BUFGCTRL_X0Y0        BUFG (Prop_bufg_I_O)         0.029     1.128 r  clk_IBUF_BUFG_inst/O
                         net (fo=237, routed)         0.832     1.959    u_buzzer/CLK
    SLICE_X32Y45         FDRE                                         r  u_buzzer/beep_cnt_reg[6]/C

Slack:                    inf
  Source:                 rst
                            (input port)
  Destination:            u_buzzer/beep_cnt_reg[7]/R
                            (rising edge-triggered cell FDRE clocked by sys_clk_pin  {rise@0.000ns fall@5.000ns period=10.000ns})
  Path Group:             (none)
  Path Type:              Hold (Min at Fast Process Corner)
  Data Path Delay:        1.530ns  (logic 0.210ns (13.691%)  route 1.321ns (86.309%))
  Logic Levels:           1  (IBUF=1)
  Clock Path Skew:        1.959ns (DCD - SCD - CPR)
    Destination Clock Delay (DCD):    1.959ns
    Source Clock Delay      (SCD):    0.000ns
    Clock Pessimism Removal (CPR):    -0.000ns

    Location             Delay type                Incr(ns)  Path(ns)    Netlist Resource(s)
  -------------------------------------------------------------------    -------------------
    U18                                               0.000     0.000 r  rst (IN)
                         net (fo=0)                   0.000     0.000    rst
    U18                  IBUF (Prop_ibuf_I_O)         0.210     0.210 r  rst_IBUF_inst/O
                         net (fo=165, routed)         1.321     1.530    u_buzzer/rst_IBUF
    SLICE_X32Y45         FDRE                                         r  u_buzzer/beep_cnt_reg[7]/R
  -------------------------------------------------------------------    -------------------

                         (clock sys_clk_pin rise edge)
                                                      0.000     0.000 r  
    W5                                                0.000     0.000 r  clk (IN)
                         net (fo=0)                   0.000     0.000    clk
    W5                   IBUF (Prop_ibuf_I_O)         0.414     0.414 r  clk_IBUF_inst/O
                         net (fo=1, routed)           0.685     1.099    clk_IBUF
    BUFGCTRL_X0Y0        BUFG (Prop_bufg_I_O)         0.029     1.128 r  clk_IBUF_BUFG_inst/O
                         net (fo=237, routed)         0.832     1.959    u_buzzer/CLK
    SLICE_X32Y45         FDRE                                         r  u_buzzer/beep_cnt_reg[7]/C

Slack:                    inf
  Source:                 rst
                            (input port)
  Destination:            u_buzzer/beep_cnt_reg[8]/R
                            (rising edge-triggered cell FDRE clocked by sys_clk_pin  {rise@0.000ns fall@5.000ns period=10.000ns})
  Path Group:             (none)
  Path Type:              Hold (Min at Fast Process Corner)
  Data Path Delay:        1.530ns  (logic 0.210ns (13.691%)  route 1.321ns (86.309%))
  Logic Levels:           1  (IBUF=1)
  Clock Path Skew:        1.959ns (DCD - SCD - CPR)
    Destination Clock Delay (DCD):    1.959ns
    Source Clock Delay      (SCD):    0.000ns
    Clock Pessimism Removal (CPR):    -0.000ns

    Location             Delay type                Incr(ns)  Path(ns)    Netlist Resource(s)
  -------------------------------------------------------------------    -------------------
    U18                                               0.000     0.000 r  rst (IN)
                         net (fo=0)                   0.000     0.000    rst
    U18                  IBUF (Prop_ibuf_I_O)         0.210     0.210 r  rst_IBUF_inst/O
                         net (fo=165, routed)         1.321     1.530    u_buzzer/rst_IBUF
    SLICE_X32Y45         FDRE                                         r  u_buzzer/beep_cnt_reg[8]/R
  -------------------------------------------------------------------    -------------------

                         (clock sys_clk_pin rise edge)
                                                      0.000     0.000 r  
    W5                                                0.000     0.000 r  clk (IN)
                         net (fo=0)                   0.000     0.000    clk
    W5                   IBUF (Prop_ibuf_I_O)         0.414     0.414 r  clk_IBUF_inst/O
                         net (fo=1, routed)           0.685     1.099    clk_IBUF
    BUFGCTRL_X0Y0        BUFG (Prop_bufg_I_O)         0.029     1.128 r  clk_IBUF_BUFG_inst/O
                         net (fo=237, routed)         0.832     1.959    u_buzzer/CLK
    SLICE_X32Y45         FDRE                                         r  u_buzzer/beep_cnt_reg[8]/C





